index,body
0,"['ูุฏุฑุช', 'ุจุงุชุฑ', 'ุจุงุชุฑ', 'ุงุตู', 'ูุณ', 'ุฎูุจู']"
1,"['ุญุชูุง', 'ูพุดููุงุฏ', 'ูฺฉูู']"
2,[]
3,"['ุญุชูุง', 'ุฎุฑุฏ#ุฎุฑ', 'ุนุงูู']"
4,"['ูุฑูุด', 'ููุช', 'ฺฏุฑูุช#ฺฏุฑ']"
5,"['ูุงุจูุช', 'ุฎูุจ', 'นh']"
6,"['ูพุดููุงุฏ', 'ูฺฉูู']"
7,"['ุจุงุณูุงู', 'ุฏูุชุงุณูุงุฑุด', 'ุฏุงุฏ#ุฏู', 'ูฺฉุด', 'ุฑูุฏูููุชู', 'ูุดู', 'ุฏู', 'ูุฒุงุฑุชููู', 'ุฏุงุฏ#ุฏู', 'ฺฏูุด', 'ุงูุฏุงุฎุชู', 'ุ', 'ููููุด', 'ุณุงู', 'ู', 'ฺฏูุด', 'ุงูุฌูุฏฺฏู', 'ุงูุฏุงุฎุช#ุงูุฏุงุฒ', 'ุชุงุญุงูุงุฎูุจ', 'ุฌูุงุจ', 'ุ', 'ฺฉู', 'ูุงุจ', 'ฺฏูุด', 'ุงุฒฺฏูุด', 'ูุงุตูู', 'ุงูุฏุงุฎุชู', 'ุฃุฑุฒุดุด', 'ุฑูุฏุงุฑู', 'ุ', 'ฺฏูุด', 'ูู', 'ุงูฺ', 'ุงูุฌู', 'ุ', 'ูุฏู', 'ูุงุฑณ', 'ุฅูุช']"
8,"['ุชูุงูุณุช#ุชูุงู', 'ุจุงุฒ', 'ุฏุงูููุฏ', 'ุงุฑุฒุงู', 'ูพุดูุงู', 'ุดุฏ#ุดู']"
9,"['ูุดุชุฑุด', 'ุดุฏ#ุดู']"
10,"['ูุฑูุดฺฏุงู', 'ููุช']"
11,"['ูุงูุนุง', 'ูุฑูุดฺฏุงู', 'ููุช']"
12,['ุฎูุจู']
13,"['ุฑุงุถ', '#ูุณุช']"
14,"['ูุจุง', 'ฺฉูุช']"
15,['ูุญฺฉู']
16,"['ุฎูุจู', 'ุฏูุชุง', 'ฺฏุฑูุช#ฺฏุฑ', 'ูุงูุนู', 'ุฎูุจู']"
17,"['ฺุณุจ', 'ุ', 'ุจุฑุด', 'ุฏุงุฑู', 'ุฏูุฑุจ', 'ุฏุงุฑู', 'ุ', 'ุณุงุฒ']"
18,"['ุฏุฑฺฉู', 'ูุณุช', 'ููุช', 'ุฎูุจู']"
19,['ููุช']
20,['ุณูุงู']
21,"['ุฎุฑุฏุดู', 'ุชูุตู', 'ูฺฉูู']"
22,"['ุฌูุณ', 'ุฏุงุฑู', '.', 'ูุฒุช', 'ูุงุช', 'ููุฑ', 'ููุนฺฉุณ', 'ููฺฉูุฏ', 'ุฏุฑ', 'ฺฉุซู', 'ูุดูุฏ', '.', 'ูพุดููุงุฏ', 'ูฺฉูู', 'ุจูุฏ', '#ูุณุช', 'ูุตุจ', 'ุจุฏุฏ', 'ุจุฑุงุชูู', 'ูุตุจ', 'ฺฉูู', '.', 'ูุชููุณุชู', 'ูุตุจ', 'ุฎุฑุงุจ', '.', 'ููุช', 'ุฎุฑุฏ#ุฎุฑ', 'ุฏุงุฏ#ุฏู', 'ูุฑูุดูุฏู', 'ุจุฑุงู', 'ูุตุจ', 'ฺฉูู', '.', 'ูููุน', 'ูุตุจ', 'ูุญุงูุธ', 'ุญุจุงุจ', 'ฺฏุฑุฏ', 'ุฎุงฺฉ', 'ูุญุงูุธ', 'ุจุฑุฏุงุฑุฏ', 'ุชฺฉู', 'ููุงุฑ', 'ฺุณุจ', 'ฺฏุฑุฏูุฎุงฺฉ', 'ูพุงฺฉ', '.', 'ููุงุฑ', 'ฺุณุจ', 'ุตูุญู', 'ุจฺุณุงูุฏ', 'ูุดุงุฑ', 'ุฏุงุฏ#ุฏู', 'ูพุฑุฒ', 'ุจฺุณุจุงูุฏ', '.']"
23,['ููุงููู']
24,"['ุชูุตู', 'ูฺฉูู']"
25,"['ุฎูุจู', 'ุฌูุณ', 'ุณุงุฒ']"
26,"['ูุตุจ', 'ุขุณูู']"
27,[]
28,"['ุจุณุชู', 'ฺฉู', 'a', 'ตฐ', 'ฺฉูฺฺฉู', 'ุชูุตู', 'ูฺฉูู', 'ุงฺฏู', 'ูุตุฏ', 'ุฎุฑุฏ', 'ุฏุงุดุช#ุฏุงุฑ']"
29,"['ุฌูุณ', 'ูุตุจ', 'ุฑุงุญุช']"
30,"['ุฎูุจู', 'ูุตุจ', 'ุฑุงุญุช', 'ุฏุงุฑู', 'ูพุฏ', 'ููุฑุงู', 'ุชุฎูู', 'ุนุงูู', 'ุฎุฑุฏ']"
31,[]
32,"['ุงุฑุฒุด', 'ุฎุฑุฏ', 'ุฏุงุฑู', 'ุชูุฌู', 'ููุช', 'ฺฉูุช']"
33,['ุฒุจุง']
34,"['ููุช', 'ุฎูุจู']"
35,"['ุญุชูุง', 'ุจุฏุฏ', 'ุจุฑุงุชูู', 'ูุตุจ', 'ฺฉูู']"
36,"['ุฏูุณุช', 'ุนุฒุฒ', 'ุงูู', 'ุดฺฉุณุชู', 'ููู', 'ฺฉูุง', 'ุฌุฏุง', 'ูุดู', 'ุงุณุชูุงุฏู', 'ฺฉุงูุง', 'ุงูุฏุงุฒู', 'ุงูุฏุงุฒู', 'ุจุฑุนฺฉุณ', 'ฺฏูุณ\u200cูุง', '(', 'ุญุงุดู', 'ูุดฺฉ', ')', 'ุตูุญู', 'ููพูุดููู', 'ูุฏู', 'ูุงุจุฑฺฉ', 'ุตูุญู', 'a', 'ทฑ', '#ูุณุช', 'ุฏูุฑุจู', 'ุณูู', 'ููฺฏุฑู', 'ุฏุงุฑู', 'ุจุฑุงุด', 'ูุตุจ', 'ุฑุงุญุชู', 'ุฎูุฏู', 'ูุตุจ', 'ุญุจุงุจ', 'ูุฑู', 'ดธ', 'ุณุงุนุช', 'ูุงุจูุช', 'ุชุฑูู', 'ุฏุงุฑู', 'ุฎุท', 'ุฎุด', 'ุงุซุฑุงูฺฏุดุช', 'ุฌุฐุจ', 'ูุดู', 'ูุฌู', 'ฺฉุซู', 'ููุดู', 'ูฺฏุฑ', 'ุงูฺฏุดุชุชูู', 'ฺฉุฑุฏ#ฺฉู', 'ุชู', 'ุธุฑู', 'ุฑูุบู', 'ุฒุฏ#ุฒู', 'ุตูุญู', 'ุงูุตูุฑุช', 'ุฏุฑ', 'ฺฉุซู', 'ูุดู', 'ูุฏูุด', 'ุดุดู', 'ฺฉู', 'ูุงุชู', '(', ')']"
37,"['ุฏฺฏู', 'ููุช', 'ูพูฺฉ', 'ฺูพุณ']"
38,['#ูุณุช']
39,"['ููุฏ', 'ุชุฎูู']"
40,"['ุฎุฑุฏ#ุฎุฑ', 'ุชุฎูู', 'ุฑุงุถ', 'ุงู']"
41,"['ุชุฎูู', 'ุฎุฑุฏุงุฑ', 'ุ', 'ุชุฎูู', 'ุงุฑุฒุด', 'ุฌูุณ', 'ุ', 'ุชุฎูู', 'ููุฎุฑุฏู', 'ุ', 'ุดุงุฑฺุฑ', 'ุจุฒุฑฺฏ', 'ุฏุงุดุช#ุฏุงุฑ', 'ุฎูุฑุฏู', 'ุญุณุงุจ', 'ฺฉุฑุฏ#ฺฉู', 'ุฎู', 'ูุถุง', 'ุจุฒุฑฺฏ', 'ูุฏุงุฑู', 'ุดุงุฑฺุฑุง', 'ฺฉูฺฺฉ', 'ูุชููุฏ', 'ุงุฒ', 'ุงุณุชูุงุฏู', 'ฺฉุฑุฏ#ฺฉู', '.']"
42,"['ฺฏูุด', 'ูุงูุนุง', 'ูุงุฒูู', 'ุจุฎุฑู']"
43,"['ุฑุงุถ', 'ุจูุฏ#ุจุงุด', 'ุจุฏฺฉ']"
44,"['ูุงูุนุง', 'ฺฏูุณ', 'ุฎูุจู', 'ุญุฑู', 'ุนุงูู', 'ุฏุงุฎู', 'ูพฺฉ', 'ููุงุฒู', 'ูุตุจ']"
45,"['ุนุงูู', 'ุฎุฑุฏ#ุฎุฑ']"
46,['ุฎูุจู']
47,"['ฺฉูุช', 'ุฎูุจู', 'ููุช', 'ููุงุณุจู', 'ููููู', 'ุฏุฌ', 'ฺฉุงูุง']"
48,[]
49,"['ุฏูุณุชุงู', 'ุณูุงู', 'ูุฏู', 'ูุญุงูุธ', 'ุตูุญู', 'ฺฉูุช', 'ูุงูุนุง', 'ุนุงูู', 'ุจุฑุด', 'ุฒุงูู', 'ุชูุฒ', 'ุฏููู', 'ูฺุณุจู', 'ุ', 'ุงฺฏู', 'ฺฉู', 'ุฏูุช', 'ุงุตูุง', 'ุญุจุงุจ', 'ููฺฏุฑู', 'ุตูุญู', 'ูพูุดุด', 'ูุฏู', 'ูุงุช', 'ุตูุญู', 'ฺฉูู', 'ุงูฺฏุดุช', 'ฺฏูุด', 'ุชุงุซุฑ', 'ููุฐุงุฑู', 'ููุช', 'ููุงุณุจู', 'ุงุฑุฒุด', 'ุฎุฑุฏ', 'ุฏุงุฑู', 'ููููู', 'ุฏุฌ', 'ฺฉุงูุง', 'ูุฑูุดูุฏู', 'ูุญุชุฑู']"
50,['ฺฉูุช']
51,"['ฺฉูฺููู', 'ูุงุช', '#ูุณุช', 'ุงูฺฏุดุช', 'ูููููู', 'ุญุจุงุจ', 'ุฑุงุญุช', 'ฺุณุจุฏ', '.']"
52,"['ุนุงูู', 'ุจุฑุงูู']"
53,['ุฌูุณ']
54,"['ุฎูุจู', 'ฺุณุจ']"
55,"['ุฎูุจู', 'ฺุณุจ']"
56,"['ุตูุญู', 'ฺฏูุด', 'ูพูุดููุฏ', 'ฺฉู', 'ูุงุฒฺฉ', 'ฺฉุงูุฑุฎู']"
57,"['ุนุฏุฏ', 'ูุญุงูุธ', 'ฺฏุฑูุช#ฺฏุฑ', 'ฺฉุฏู', 'ฺุณุจูุฏฺฏ', 'ูุฏุงุฑู', 'ููฺฉูู', 'ุฒุฑ', 'ุญุจุงุจ', 'ุจูุชู', '.', 'ุนุฏุฏ', 'ูพุฏ', 'ุฎุดฺฉ', 'ูุฑุทูุจ', 'ุฏุงุฑู', '.', 'ูุตุจ', 'ุชูุฒ', 'ุจุดู', '.']"
58,"['ฺฉู', 'ููุช']"
59,['ุจุงฺฉูุช']
60,[]
61,"['ฺฏูุด', 'ุตูุญู', 'ฺฏูุด', 'ูพูุดุงูุฏ#ูพูุดุงู', '.']"
62,"['ููุช', 'ุดฺฏูุช', 'ุงูฺฏุฒ', 'ุฎูุจู']"
63,['ูุงูุนุง']
64,"['ุฒูุฏ', 'ุฎุท', 'ูููุชู', 'ุฎูุจู']"
65,"['ฺฉู', 'ููุช']"
66,"['ุตูุญู', 'ฺฏูุด', 'ูพูุดููุฏ', 'ฺฉู', 'ูุงุฒฺฉ', 'ฺฉุงูุฑุฎู']"
67,"['ุนุฏุฏ', 'ูุญุงูุธ', 'ฺฏุฑูุช#ฺฏุฑ', 'ฺฉุฏู', 'ฺุณุจูุฏฺฏ', 'ูุฏุงุฑู', 'ููฺฉูู', 'ุฒุฑ', 'ุญุจุงุจ', 'ุจูุชู', '.', 'ุนุฏุฏ', 'ูพุฏ', 'ุฎุดฺฉ', 'ูุฑุทูุจ', 'ุฏุงุฑู', '.', 'ูุตุจ', 'ุชูุฒ', 'ุจุดู', '.']"
68,['ุจุงฺฉูุช']
69,[]
70,"['ฺฏูุด', 'ุตูุญู', 'ฺฏูุด', 'ูพูุดุงูุฏ#ูพูุดุงู', '.']"
71,"['ููุช', 'ุดฺฏูุช', 'ุงูฺฏุฒ', 'ุฎูุจู']"
72,['ูุงูุนุง']
73,"['ุฒูุฏ', 'ุฎุท', 'ูููุชู', 'ุฎูุจู']"
74,['ุนุงุงุงู']
75,"['ุนุงูู', 'ุฎูุจู']"
76,"['ุณูุงู', 'ุจุงุฒ', 'ุฎูุจู', 'ูพุดุชุจุงู', 'ููููู', 'ุญูุตูู', 'ูพุงุณุฎฺฏู', '#ูุณุช']"
77,"['ูุงูุนุง', 'ูพุดุชุจุงู']"
78,"['ููููู', 'ูุฑูุดูุฏู', 'ุฒูุฏ', 'ฺฉุฏ', 'ุชุญูู']"
79,"['ฺฉุฏ', 'ุฏุฑ', 'ุงุฑุณุงู', 'ูุณููุช', 'ูพุฐุฑ', 'ููููู']"
80,"['ุนุฏุฏ', 'ฺฏูุช', 'ฺฉุงุฑุช', 'ุฎุฑุฏ#ุฎุฑ', 'ูููุน', 'ุฏุณุชู', 'ฺฉุฏ', 'ฺฉุงุฑุช', 'ูุงุชุณุงูพ', 'ุจุฑุงู', 'ูุฑุณุชุงุฏู', 'ูพุงุณุฎุฏู', 'ูพุดุชุจุงู', 'ุณุฑุน', '.']"
81,"['ฺฏูุช', 'ฺฉุงุฑุช', 'ุฏุฑุณุช', 'ูพุดุชุจุงู', 'ูุฑูุดูุฏู', 'ฺฏูุช', 'ฺฉุงุฑุช', 'ูุญุดุฑ', 'ูุงูุนุง']"
82,"['ฺฏูุช', 'ฺฉุงุฑุช', 'ณฐ', 'ุฏูุงุฑ', 'ุงฺฉุณ', 'ุจุงฺฉุณ']"
83,"['ูุทูุง', 'ุฑู', 'ด', 'ุญุงูุธ', 'ถด', 'ููุฌูุฏ']"
84,"['ุชุจูุช', 'ูุธุฑ', 'ุชุจูุช', 'ุฑูุฌ', 'ููุช', 'ุฎูุฏุดู', '.', 'ูพุฑุฏุงุฒูุฏู', 'ูู', 'ูุณู', 'ุชุจูุช', 'ุจุงุฒ', 'ุฒูุงู', 'ุงุณุชูุงุฏู', 'ุฏุงุบ', 'ุฏุฏ#ุจู', 'ุนููฺฉุฑุฏ', 'ุฏูุฑุจู', 'ุชุจูุช', '#ูุณุช', '.', 'ูุทูุง', 'ุฒูุฏ', 'ููุฌูุฏ', '.']"
85,"['ูุณู', 'ูุญุตูู', 'tab', 'aท', 'ุฏุงุดุช#ุฏุงุฑ', 'ุจุฌุฒ', 'ูพุฑุฏุงุฒูุฏู', 'ุงุถุงูู', 'ุญุณฺฏุฑ', 'ุงูฺฏุดุช', '(', 'ุจุฌุง', 'ูุณ', 'ูุงฺฉ', ')', 'ุฏฺฏู\u200cุง', 'ูุฏุงุดุชู', 'ูพุฑุฏุงุฒูุฏู', 'ูุณู', 'ุงุณููพุฏุฑุงฺฏูู', 'ถถฒ', 'ูพุฑุฏุงุฒูุฏู', 'ุชุจูุช', 'ููุณุงฺฉ', 't', 'ถฑธ', 'ุงุฎุจุงุฑ', 'ุดูุฏ#ุดูู', 'ุธุงูุฑุง', 'ูพุฑุฏุงุฒูุฏู', 'ุงุณููพุฏุฑุงฺฏูู', 'ถถฒ', 'ูุฏุฑุช', 'ูพุฑุฏุงุฒุด', 'ุฏุงุฑู', 'ุจูุธุฑู', 'ูุณููุง', 'ุณุฑุนุช', 'ฺฉูุชุฑ', 'ูุตุฑู', 'ุงูุฑฺ', 'ุฏุงุฑู', 'ุงฺฏู', 'ุชุจูุช', 'ุฎูุงุณุช#ุฎูุงู', 'ุฎุฑุฏ#ุฎุฑ', 'ุญุชูุง', 'ุญุชูุง', 'ฺฏูุณ', 'ูุงุช', '(', 'ูุดฺฉ', ')', 'ฺฏุฑูุช#ฺฏุฑ', 'ฺุดู', 'ูุงุชูู', 'ฺฉูุชุฑ', 'ุงุฐุช', 'ุดู']"
86,"['ุตูุญู', 'ุดูุงูุช', 'ุฏุงุฑู', 'ูุตุจ', 'ุขุณููู']"
87,"['ุณูุงู', 'ุ', 'ุฏููุง', 'ูุฒุงุง', 'ุฏุงุฑู', 'ูุซ', 'ุดูุงูุช', 'ุฌุฐุจ', 'ุขุซุงุฑ', 'ุงูฺฏุดุช', 'ุนุงูู', 'ููุช', 'ุฎุฑุฏ', 'ุฏูู', 'ฺฉูุชุฑ']"
88,"['ุฒุจุง', 'ูููู', 'ุดูุงู', 'ูุดูฺฏ']"
89,"['ุฒูุงู', 'ฺฏูุช#ฺฏู', 'ุงุฑุณุงู', 'ุชูุถุญุงุช', 'ุฏุงุฏ#ุฏู', 'ูุญุตูู']"
90,[]
91,"['ุงุฑุณุงู', 'ูููุน']"
92,"['ุญุชูุง', 'ุฎุฑุฏ']"
93,"['ุนุงูู', 'ูุฑูุธุฑ', 'ุชูุฒ', 'ุจุฑุงู']"
94,"['ุบูู', 'ุชุจูุช\u200cูุง', 'ุจุงุฒุงุฑ']"
95,"['ูพุงุจุฌ', 'ฺฏู\u200cูุง', 'ุฎูุจู', 'ุจุงุชุดฺฉุฑ']"
96,['ุนุงูู']
97,"['ูุฑุฌูุช', 'ุนุงู']"
98,['#ูุณุช']
99,"['ุณูุงู', 'ุชุจูุช', 'ุฏูุฑุจู', 'ฺฉุงุฑ', 'ุฑุงุถ', 'ุจูุฏ#ุจุงุด', 'ุงฺฏู', 'ูุฒูู', 'ุจุฑุงุชูู', 'ูุดฺฉู', 'ูุฏุงุฑู', 'ุญุชูุง', 'ุฎุฑุฏ#ุฎุฑ', 'ูุฐุช', 'ุจุจุฑุฏ']"
100,"['ุฎูุงุตู', 'ุนุงู']"
101,"['ณ', 'ุฑูุฒ', 'ูุณุชุด', 'ipad', 'ฺฏุฑูุช#ฺฏุฑ', 'ูุณุชุด', 'ููู', 'ุฏุฏู', 'ุฏุงุฎู', 'ูุฐุช', 'ุฏุงุฑู', 'ุนุงู', 'ูุณุชุด']"
102,"['ุณูุงู', '.', 'ุขูพุฏ', 'ุจุงุฒ', 'ฺฉุงุฑ', 'ุณูฺฏู', '.', 'ุขูพุฏ', 'ูุดฺฉู', 'ุงูุฌุงู', 'ุณูฺฏู', 'ุจุงุฒ', 'ุจุฑูุงูู', 'ูุฏุงุฑู', '.', 'ุฏุฑุณุชู', 'ููุช', 'ุจุงูุงุณุช', 'ูุงูุนุง', 'ูพูู', 'ุฎุฑุฏ', 'ฺฉุฑุฏ#ฺฉู', 'ู\u200cุงุฑุฒู', '.', 'ุฏูุฑุจู', 'ุ', 'ูพุฑุฏุงุฒูุฏู', 'ุ', 'ุตูุญู', 'ููุงุด', 'ุ', 'ุตุฏุง', 'ุชู', 'ููู', 'ุชุจูุช\u200cูุง', 'ุฏุงุฑู', '.', 'ุฎูุงุตู', 'ุงฺฏู', 'ูพูู', 'ุฎุฑุฏ', 'ูุญุตูู', 'ุงูพู', 'ุฏุงุดุช#ุฏุงุฑ', 'ุฎุฑุฏ', 'ุดฺฉ', 'ุฏุงุดุช#ุฏุงุฑ', 'ุ', 'ุจฺฏู', 'ูุงูุนุง', 'ุชุจูุช', 'ุดุงูฺฉุงุฑ', '#ูุณุช', 'ุ', '#ูุณุช', '.', 'ุงูุฏูุงุฑ', 'ฺฉูฺฉุชูู', 'ฺฉุฑุฏ#ฺฉู']"
103,"['ูุทูุง', 'ููุฌูุฏ', 'ูุฎูุงู', 'ุฎุฑุฏ#ุฎุฑ', 'ุ', 'ุฎูุงูุดุงT_T']"
104,"['ูุทูุง', 'ููุฌูุฏ', 'ูุฎูุงู', 'ุฎุฑุฏ#ุฎุฑ']"
105,"['ูุทูุง', 'ููุฌูุฏ', 'ูุตุฏ', 'ุฎุฑุฏ', 'ุฏุงุดุช#ุฏุงุฑ']"
106,"['ุชุญูู', 'ูุชุฌู', 'ุฑุณุฏ#ุฑุณ', 'ุชุจูุช', 'ุฏูุงุณุช', 'ุญุงุถุฑ', 'ุณุงู', 'ฒฐฒฑ']"
107,"['ููููู', 'ูุฑูุดูุฏู', 'ูุญุชุฑู', 'ฺฉุงูุงุดูู', 'ุงุฑุฒุด', 'ูุงุฆูู', '""']"
108,"['ุณุฑุนุช', 'ุฎูุจู', 'ุจุณุชู']"
109,"['ฺฉูุช', 'ุฏุงุฑู']"
110,"['ุดฺฉ', 'ุชูุฒ', 'ูฺฉูู']"
111,[]
112,"['ูุตุจ', 'ฺฏูุด', 'ูุงูุนุง', 'ุณุฑุนุช', 'ุดฺฏูุช', 'ุฒุฏ#ุฒู', 'โฆูุซ', 'ูุงุฑฺฉ\u200cูุง', 'ุงูฺฉ', 'ุณุฑุนุช', 'ุจุฒูู', 'ุณุฑุนุชุดูู', 'ดฐ', 'ูุจุงุดู', '!']"
113,"['ุนุงูู', 'ุณุฑุนุช', 'ุฏุงุฑู', 'ุงูุชูุงู', 'ุนฺฉุณ', 'ููู', 'ฺฉูุช', 'ุจุฑุฏ#ุจุฑ', 'Adata', 'ฺฏุงุฑุงูุช', 'ูุงุฏุงู', 'ุงูุนูุฑ', 'ููุช', 'ููุงุณุจ', 'ูุณุจ', 'ุจูู', 'ุงุณ', 'ุฏ', 'ฺฉุงุฑุช', 'ุฏฺฏู', 'ุฏุงุฑู']"
114,"['ฺฉุงุดุช#ฺฉุงุฑ', 'ูุงูุนุง', 'ุงูุฏุงุฎุช#ุงูุฏุงุฒ', 'ูุงูุชูุฑู', 'ุชูุฒ', 'ุชูุฒ', 'ุตูุญู', 'ูุงูุชูุฑู', 'ูุงุชู', 'ูฺ', 'ุชูุฒ', 'ููุดุฏ', 'ููฺฉ', 'ููููุฏ', 'ุงูุงู', 'ุงูฺฉ']"
115,['ุนุงู']
116,[]
117,"['ฺูุฏูุงู', '#ูุณุช', 'ุงุณุชูุงุฏู', 'ูฺฉูู', 'ุจุฑุฏ#ุจุฑ', 'ูุนุชุจุฑู', 'ูุดฺฉู', 'ูุฏุงุดุชู', 'ุฎููุฏู', 'ุงุทูุงุนุงุช', 'ุณุฑุนุช', 'โฆ']"
118,"['ููุชู', 'ุฏุงุฑูุด', 'ุงูุงู', 'ุฑุงุถ', 'ุงู']"
119,"['ุฑู', 'ุณุฑุนุช', 'ุฏุงุฑู', 'ตธ', 'g', 'ุธุฑูุช', 'ุฏุงุฑู']"
120,"['ฺฉุงุฑุช', 'ุญุงูุธู\u200cุฑู', 'ุจููู', 'นท', 'ุฎุฑุฏ#ุฎุฑ', 'ุงูุงู', 'ูุดฺฉู', 'ูุฏุงุดุชู', 'ุฑุงุถ', 'ุจูุฏ#ุจุงุด', 'ุงุฒ']"
121,"['ุญุฑู', 'ูุฏุงุฑู']"
122,"['ฺฉุงูุง', 'ฺฉูุช']"
123,[]
124,['ุนุงูู']
125,"['ฺฉุงูุง', 'ฺฉูุช']"
126,['ฺฉูุช']
127,['ุนุงูู']
128,['ุนุงูู']
129,[]
130,"['ฺฉุงูุง', 'ฺฉูุช']"
131,['ุนุงูู']
132,[]
133,['ูุดูฺฏ']
134,['ฺฉูุช']
135,[]
136,['ุนุงูู']
137,[]
138,['ูุดูฺฏ']
139,"['ูุตุจ', 'ุฑุงุญุช']"
140,[]
141,"['ุฌูุณ', 'ุฏุงุฑู', 'ููุช', 'ุงุฑุฒุด', 'ุฎุฑุฏ', 'ุฏุงุฑู']"
142,"['ุจุงฺฉูุช', 'ูพุดููุงุฏ', 'ูุดูุฏ', 'ููุช', 'ุฎูุจู']"
143,"['ฺฉูุช', 'ุ', 'ุฑุงุญุช', 'ุงูุชุงุฏ#ุงูุช', '.', 'ุญุจุงุจ', 'ฺฏุฑูุช#ฺฏุฑ', '.']"
144,"['ุณุงูู', 'ุฏุณุชู']"
145,"['ุฌูุณ', 'ุฎูุจู', 'ุฑุงุญุช', 'ูุตุจ', 'ูุดู']"
146,"['ุฌูุณ', 'ุฏุงุฑู']"
147,"['ูพุดููุงุฏ', 'ูฺฉูู', 'ุฎุฑุฏ#ุฎุฑ', 'ฺฉูุช']"
148,"['ุชุจูุชู', 'ูุตุจ']"
149,"['ฺฉูุช', 'ุฎูุจู', 'ฺฉู', 'ฺฏุฑุงูู']"
150,"['ููุชุง', 'ฺฏุฑููู', 'ุงุฑุฒูู', 'ููุฏูู', 'ฺฉุฏู', 'ุจูุชุฑู', 'ูุฎูุงุฏ', 'ฺฏุฑูู\u200cุชุฑ', 'ุฎุฑุฏ#ุฎุฑ', 'ุงุฑุฒููุง', 'ูุนููู', 'ฺู', 'ุฎูุด', 'ููุชู', 'ฺฉูุช']"
151,"['ููุช', 'ุนุงู-', 'ุดฺฏูุช', 'ุงูฺฏุฒ', 'ุฎุฑุฏ', 'ุฑุงุถ', 'ูุณุชู/', 'ููููู', 'ุฏุฌ', 'ฺฉุงูุง']"
152,['ูุดูฺฏ']
153,['ฺุณุจูุฏฺฏ']
154,"['ููููู', 'ุฏุฌ', 'ฺฉุงูุง']"
155,['ุฌูุณ']
156,"['ููุงฺฏุฑ', 'ุดฺฉุณุชู', 'ูุตุจ']"
157,"['ุฎุฑุฏ', 'ุฑุงุถู']"
158,['ฺฉูุช']
159,['ุนุงูู']
160,"['ุชูุฌู', 'ููุช', 'ููุงุณุจ', '#ูุณุช']"
161,"['ุถุญู', 'ุงูุชุธุงุฑ', 'ุจุงูุง', 'ุฏุงุดุช#ุฏุงุฑ', 'ฺฉูุง', 'ูุดฺฉู', 'ุฏุงุดุช#ุฏุงุฑ']"
162,"['ุดฺฉุณุช#ุดฺฉู', 'ูุงูุนุง', 'ููููู', 'ุฏุฌ', 'ฺฉุงูุง', 'ุนุฒุฒ']"
163,['ุฏุฑฺฉู']
164,"['ุงุฑุฒุด', 'ุฎุฑุฏ', 'ุฏุงุฑู']"
165,"['ูุตุจ', 'ุฑุงุญุช', 'ฺฉูุช']"
166,"['ูุงุฏ', 'ูููุน', 'ูุตุจ', 'ุณุทุญ', 'ุดุฏุช', 'ุชูุฒ', 'ุจุดู', 'ุจุดูู', 'โฆ', 'ูุจู', 'ูุฑุงุฑ', 'ฺฏุฑูุช#ฺฏุฑ', 'ุฏูุช']"
167,"['ููุงูู', 'ุดูุงู']"
168,['ุงุฑุฒุงู']
169,"['ฺฏูุณ', 'ุจุฑุฏ#ุจุฑ', 'ุฑูฺฉุณ', '#ูุณุช', 'ฺฉูุช', 'ููุงุณุจ', 'ุฏุงุฑู', 'ุ', 'ฺฉุงุด', 'ููุช', 'ฺฉู', 'ูพุงู']"
170,['ฺฉูุช']
171,"['ฺฏูุณ', 'ููุงููู']"
172,"['ุตูุญู', 'ูุช', 'ูุดุฏ']"
173,"['ุฎูุจู', 'ูพุดููุงุฏ', 'ูุดู']"
174,"['ุจุนููุงู', 'ููุจุงู', 'ูุฑูุด', 'ุณุงููุงุณุช', 'ุฒููู', 'ูุนุงูุช', 'ุฏุงุดุช#ุฏุงุฑ', 'ุนุฑุถ', 'ฺฉุฑุฏ#ฺฉู', 'ุจูุชุฑู', '#ูุณุช', '.', 'ุฏูุณุชุงู', 'ฺฏูุช#ฺฏู', 'ุฏูุฑุจู', 'ุณูุณูุฑูุง', 'ุฏุฑุณุช', 'ุนุฑุถ', 'ูฺฉูู', 'ุงุตูุง', 'ุงูุทูุฑ', 'ุฏูู', '#ูุณุช', 'ุ', 'ุฑุงุญุช', 'ฺุณุจุฏ', 'ุงุตูุง', 'ุญุจุงุจ', 'ููููุฏ', 'ุ', 'ุญุชูุง', 'ุชูุตู', 'ูฺฉูู', '.']"
175,"['ุฌูุณ', 'ุณุงุฒ']"
176,[]
177,['ฺฉูุช']
178,"['ุฎูุจู', 'ุงูุฏุงุฒู', 'ุงุดู', 'ููุงุณุจู']"
179,"['ูพุดููุงุฏ', 'ูฺฉูู']"
180,['ุงุณุชูุงุฏู']
181,"['ูุญุงูุธ', '#ูุณุช', 'ุ', 'ุฏุณุชูุงู', 'ุชูุฒ', 'ุตูุญู', 'ูุตุจ', 'ูุตุจ', 'ุฑุงุญุช', 'ุงูุฌุงู', '.', 'ูุตุจ', 'ุนููฺฉุฑุฏ', 'ุชุงฺ', 'ุชุจูุช', 'ฺฉูุฏ', 'ฺฉุงูุด', 'ุญุณุงุณุช', 'ุงุฌุงุฏ', 'ฺฉุฑุฏ#ฺฉู', '.']"
182,"['ุงุฑุฒุด', 'ุฎุฑุฏ', 'ุจุงูุงุณุช']"
183,"['.', 'ุณุงุฒ', 'ุชุจูุช', 'ูุณุชุด', 'ุชุงฺ', '.', 'ููุฑุงู', 'ูพุฏ', 'ุงูฺฉู', 'ูพุฏ', 'ุฎุดฺฉ']"
184,"['ุชูุจุชู', 'ููุฑุงู', 'ุจุงุงู', 'ุฏุฌ', 'ฺฉุงูุง', 'ุจุงูู', 'ฺฏุฑูุช#ฺฏุฑ']"
185,"['ูุญุตูู', 'ุดฺฉุณุชู', 'ุบุฑูุงุจู', 'ุงุณุชูุงุฏู', 'ุฏุงุบูู', 'ุจุณุชู', 'ูพุณุช', 'ูุฑุงุฑุฏุงุฏู', 'ุงุตูุง', 'ุงุณุชูุงุฏู', '.']"
186,"['ูุตุจ', 'ุฑุงุญุช', 'ููุงุฒู', 'ููุฑุงู', 'ูุตุจ', 'ุชูุฒ', 'ู\u200cูพุงุฑฺู', 'ูุฏุงุฑู']"
187,"['ุงูฺฏุดุช', 'ูุงูุฏ#ูุงู']"
188,"['ููุช', 'ฺฉูุช', 'ุจุณุงุฑุฎูุจ']"
189,"['โฆ', '.']"
190,['ฺฏุฑุงู']
191,"['ุจุงุดู', 'ุนููฺฉุฑุฏ', 'ุฎูุดู', 'ูุดูู', 'ูุฏู']"
192,"['ุงุฑุฒุด', 'ุฎุฑุฏ']"
193,"['ูุฏููุง', 'ุฏฺฏู', 'ุชุนุฑู', 'ุชุฑู']"
194,"['ููุช', '#ูุณุช']"
195,"['ูุญุงูุธ', 'ุดฺฉุณุช#ุดฺฉู', 'ุญุชุง', 'ู', 'ุฎุดู', 'ุฏุงุดุช#ุฏุงุฑ']"
196,[]
197,['ฺฉูุช']
198,"['ฺฉุงุด', 'ูููุดุชุฏ', 'ฺฏูุด', 'ููุงุณุจู']"
199,"['ุฏูุฑุจู', 'ุดุจฺฉู', 'ุดุงุฆูู', 'ุฎุฑุฏ#ุฎุฑ', 'โฆฺฉูุช', 'ฺฉุฏุงฺฉ', 'ููฺฏุงู', 'ูุนููู', '#ูุณุช']"
200,"['ุฑู', '#ูุณุช', 'ุณุฑุนุช', 'ุฏุงุฑู', 'ููุช', 'ุนุงูู', '.']"
201,"['ุฑุงุถ', '#ูุณุช', 'ุงุฒ']"
202,"['ฺฉุงุฑ', 'ุจูุฏุงุฑู']"
203,"['ุฎูุจู', 'ุงูุฒุงุด', 'ุญุงูุธู', 'ฺฏูุด']"
204,"['ุญุฑู', 'ูุฏุงุฑู', 'ุงุฒ', 'ุฑุงุถ', 'ุจูุฏ#ุจุงุด']"
205,['ููุช']
206,[]
207,"['ุฎูุจู', 'ููููู', 'ุฑุงุถ', '#ูุณุช']"
208,"['ุฑู', '#ูุณุช', 'ุณุฑุนุช', 'ุฏุงุฑู', 'ููุช', 'ุนุงูู', '.']"
209,"['ูุดฺฉู', 'ุฏุงุดุช#ุฏุงุฑ', 'ุงูุงู', 'ููุช', 'ฺฉุงุฑ', 'ฺฉุฑุฏูู']"
210,"['ุฎุฑุฏ#ุฎุฑ', 'ูุนูุช', 'ุดฺฉ', 'ฺฉุฑุฏ#ฺฉู']"
211,"['ููุชู', 'ุฏุงุดุช#ุฏุงุฑ', 'ุงุณุชูุงุฏู', 'ูฺฉูู', 'ูุดฺฉู']"
212,"['ุฎูุจู', 'ุงูุฒุงุด', 'ุญุงูุธู', 'ฺฏูุด']"
213,"['ุณุฑุนุช', 'ุฎูุจู', 'ุงุฑุงุฏ', 'ฺฉุงุฑ', 'ูฺฉูู']"
214,"['ฺฉูุช', 'ุฏูุงู', 'ููุฑูู', 'ุตุฑูู']"
215,"['ุฎูุจู', 'ูููุช']"
216,[]
217,"['ฺฉูุช', 'ุฏุงุฏุดู']"
218,"['ุฎูุจู', 'ุณูฺฉูู', 'ูพุงูุฑ', 'ูููุด', 'ฺฉูุชุฑู']"
219,"['ุฎูุดุญุงู', 'ุฎุฑุฏ#ุฎุฑ', 'ุฏููุง', 'ุงูุชุฎุงุจ', 'ูุธุฑุงุช', 'ุฏุฑุณุช', 'ุจุฎุฑู', 'ุดฺฉ', 'ฺฉุฑุฏ#ฺฉู']"
220,"['ฺฉุฏฺฉ', 'ุจูุชุฑูู']"
221,"['ุฏูุฑุจู', 'ุดุจฺฉู', 'ุดุงุฆูู', 'ุฎุฑุฏ#ุฎุฑ', 'โฆฺฉูุช', 'ฺฉุฏุงฺฉ', 'ููฺฏุงู', 'ูุนููู', '#ูุณุช']"
222,"['ุฎูุจู', '.', 'ุงูุฏูุงุฑ', 'ุฏูุงู', 'ุจุงุดู']"
223,"['ูุนูููุง', 'ฺฉุงุฑุช', 'ุญุงูุธู', 'ุณุงุฎุช', 'ุชุงูุงู', 'ุฎูุจู', 'ูุงุฏ', 'ุฎุฑุงุจ', 'ุจุดู', 'ุฎูุฏู', 'ุณุงู', 'ุฑู', '(', 'ุณูฺฉูู', 'ูพุงูุฑsp', ')', 'ฺฏุฑูุช#ฺฏุฑ', 'ุงูุงูู', 'ูููุฏู', '.']"
224,"['ุฌูุณ', 'ฺฉูุช', 'ุฏุงุฑู']"
225,"['ุฎูุจู', 'ุณุฑุนุช', 'ุฎูุจู']"
226,"['ุงู', 'ุข', 'ุช', 'ุณุฑ', 'ฺฏุงุฑุงูุช', 'ูุงุฏุงู', 'ูุชู', 'ุฎุฑุฏูุด', 'ููุช', 'ููุงุณุจ', 'ฺฏุงุฑุงูุช', 'ฒ', 'ุณุงูู', 'ุข', 'ุช', 'ูุงุณู', 'ุงุฑุณุงู', '.', 'ุงูุจุงุฑ', 'ุฏุงุฎู', 'ูพฺฉ', 'ููุฑุงู', 'ฺฉุงุฑุช', 'ุญุงูุธู', 'ุนุฏุฏ', 'ุขุฏุงูพุชูุฑ', 'ฺฉุฏุงฺฉ', 'ุฎูุดุญุงู', 'ููุช', 'ูพฺฉ', 'ฺฉุงุฑุช', 'ุญุงูุธู', 'ููุฑุงู', 'ุขุฏุงูพุชูุฑ', 'ูุนูููุง', 'ูุจุงุดุฏ', '.', 'ุจุงุจุช', 'ุฎุฑุฏ', 'ุฑู', 'ฺฉุฏุงฺฉ', 'ุฎุงู', 'ุฑุงุญุชู', 'ุจุฑุฏ#ุจุฑ', 'ูุนุชุจุฑ', 'ุงูุฑฺฉุง', 'ูููุชุงฺ', 'ุณุงุฎุช', 'ุชุงูุงู', 'ูุจุงุดุฏ', '.', 'ุณุฑุนุช', 'ฺฉูุช', 'ูุญุชูุง', '!']"
227,"['ุฏุฑฺฉู', 'ููุช', 'ุณุฑุนุช', 'ุฏุงุฑู', 'ฺฉูุงุณ', 'ุจุงูุงุณ', 'ฺฉูุช', 'ุฎูุจู', 'ุนูุฑ', 'ฺฉุงุฑฺฉุฑุฏ', 'ุฎูุจู', 'ุชูุตู', 'ูฺฉูู', 'ุฎุฑุฏ']"
228,"['ุณุฑุนุช', 'ฺฏุงุฑุงูุชู']"
229,"['ฺฉุงุฑ', 'ุจูุฏุงุฑู']"
230,"['ุฌูุณ', 'ฺฉูุช', 'ุฏุงุฑู']"
231,"['ุนุงูู', 'ุญุชูุง', 'ูพุดููุงุฏ', 'ูฺฉูู', '.', 'ุฌูุณ', 'ุงูุนุงุฏู', 'ุฏุงุฑู', '.', 'ุณุฑุนุช', 'ุฒุงุฏู', '.']"
232,"['ณฒ', 'ฺฏฺฏ', 'ณฑ', 'ูซนุฌุงุฏุงุดุช']"
233,"['ฺฉุงุด', 'ูููุดุชุฏ', 'ฺฏูุด', 'ููุงุณุจู']"
234,"['ุฑุงุถ', '#ูุณุช', 'ุงุฒ']"
235,"['ุฎูุด', 'ุชูพู', 'ุณุฑุนุช', 'ุฏุงุฑู', 'ุนุงูู', 'ฺฉู', 'ุจุฑุงุด']"
236,"['ฺฏุงุฑุงูุช', 'ูุงุฏุงู', 'ุฏุงุฑู', 'ุณุฑุนุช', 'ฺฏูุด', 'ฺฉุฑุฏ#ฺฉู', '.', 'ฺฏูุด', 'note', 'ธ', 'pro']"
237,"['ู', 'ูููุฑ', 'ู', 'ุจุฑุฏ#ุจุฑ', '.', '.', 'ุฏุฏ', 'ฺูุฏุฑ', 'ุณุงู', 'ุฏูุงู', 'ูุงุฑู', '.', 'ฺฏุงุฑูุช', 'ูุชู', '.', '.', 'ุณุงุฎุช', 'ุชุงูุงู', '.', '.', 'ุฏูุชุง', 'ุงุฒ', 'ุฎุฑุฏ#ุฎุฑ']"
238,"['ูุดฺฉู', 'ุฏุงุดุช#ุฏุงุฑ', 'ุงูุงู', 'ููุช', 'ฺฉุงุฑ', 'ฺฉุฑุฏูู']"
239,"['ฺฉูุช', 'ุฏุงุฏุดู']"
240,"['ููุช', 'ูฺฉูุช']"
241,"['ฺฏุงุฑุงูุช', 'ูุงุฏุงู', 'ุงูุนูุฑ', 'ุ', 'ุณุฑุนุช', 'ุ', 'ุฌูุณ', 'ุ', 'ุญุชูุง', 'ูพุดููุงุฏ', 'ูุดู']"
242,['ููุช']
243,"['ฺฉุงุฑุช', 'ุญุงูุธู', '.', 'ุฎุฑุฏ', 'ุชูุตู', 'ูฺฉูู', '.']"
244,"['ฺฉุฏุงฺฉ', 'ูุงุฑฺฉ', 'ฺฉุงุฑุช', 'ุญุงูุธู', 'ุนุงูู']"
245,"['ุฑุงุถ', 'ุจุฑุงู', '.']"
246,"['ฺูุฏูุงู', 'ุฎุฑุฏ#ุฎุฑ', 'ุฑุงุถ']"
247,"['ุญุฑู', 'ูุฏุงุฑู', 'ุงุฒ', 'ุฑุงุถ', 'ุจูุฏ#ุจุงุด']"
248,"['ุฏุฑฺฉู', 'ููุช', 'ุณุฑุนุช', 'ุฏุงุฑู', 'ฺฉูุงุณ', 'ุจุงูุงุณ', 'ฺฉูุช', 'ุฎูุจู', 'ุนูุฑ', 'ฺฉุงุฑฺฉุฑุฏ', 'ุฎูุจู', 'ุชูุตู', 'ูฺฉูู', 'ุฎุฑุฏ']"
249,"['ุนุงูู', 'ุฎูุด', 'ุฑูฺฏ', 'ูุจุงฺฉูุช']"
250,"['ฺฉุงุฑุช', 'ุญุงูุธู', 'ุฎูุจู', 'ููุช', 'ููุงุณุจู']"
251,"['ุงุณุชูุงุฏู', 'ูุณุชุด', '.']"
252,"['ุฏุฑูุฏ', 'ฺฉูุช', 'ุณุฑุนุช', 'ุงูุชูุงู', 'ุงุทูุงุนุงุช']"
253,"['ูููุฑ', 'ูุงุฏุฑ', 'ุณูุงุฑุด', 'ุฏุงุฏ#ุฏู', 'ุฎุฑุฏ#ุฎุฑ', 'ุฑุงุถ', 'ุจูุฏ#ุจุงุด', 'ูุงู', 'ูุดู', 'ุงุณุชูุงุฏู', 'ูฺฉูู', 'ูุดฺฉู', 'ุจูุฏ#ุจุงุด', '.']"
254,['ููุช']
255,"['ููุช', 'ูููุงูุนุงุฏู']"
256,"['ูุดฺฉู', 'ฺฉูุฑ', '#ูุณุช', '.', 'ฺฏุงุฑุงูุช', 'ูุงุฏุงู', 'ุงูุนูุฑ', 'ุฏุงุฑู', 'ูุจูุง', 'ุชุนูุถ', 'ุงูุฌุงู', 'ุฏุงุฏ#ุฏู', 'ุงูุงู', 'ููุฏููู', 'ฺุทูุฑู']"
257,"['ุฎูุจู', '.', 'ฺฉุณุงู', 'ุงุณุชูุงุฏู', 'ูุดฺฉู', 'ูููุฏู']"
258,"['ุจุฑูุฏ', 'ูุนุฑูู', 'ููุนุชุจุฑ']"
259,"['ููุช', 'ุฑูุฒ', 'ุฏุณุชู', 'ุงุฒ', 'ุฑุงุถ', 'ุงู']"
260,"['ุจุฏฺฉ', 'ฺฏฺฏ', 'ฺฉูุชุฑ', 'ุญุงูุธ']"
261,"['ุธุงูุฑ', 'ุจุณุชู', 'ฺฉุงูุง', 'ูุดุฎุตู', 'ุฌูุณ', 'ุฏุงุฑู', 'ฺูุฏุชุง', 'ุฎุฑุฏ', 'ุงูุฏูุงุฑ', 'ุจุงุดู']"
262,"['ุณุฑุนุช', 'ุงูุชูุงู', 'ุฑุงุญุช', 'ุงุณุชูุงุฏู', 'ุ', 'ุจุฑฺฏู', 'ฺฏุงุฑุงูุช']"
263,['ูุจูู']
264,"['ุฑุงุถ', 'ุฎุฑุฏ']"
265,"['ฺฉุฏุงฺฉ', 'ุจุฑุฏ#ุจุฑ', 'ูุนุชุจุฑ', 'ุงุนุชูุงุฏ', '.', 'ฺฉุงุฑ', '.']"
266,"['ูุงุฑฺฉ', 'ฺฉุฏุงฺฉ', 'ุฏูุจุงุฑ', 'ุฑู', 'ุฎุฑุฏู,', 'ุฏูุจุงุฑ', 'ุฏุฌ', 'ฺฉุงูุง', 'ุฎุฑุฏู,', 'ุงูู', 'ถุณุงู', 'ูููุฒ', 'ฺฉุงุฑ', 'ูฺฉูู', 'ุฎูุจู,', 'ุฏูู', 'ุงูุงู', 'ฺูุฏูุงู', 'ุฎุฑุฏ#ุฎุฑ', 'ุฎูููุจู,', 'ูุธุฑ', 'ุฑู', 'ุงุทููุงู', 'ุฎูุจู']"
267,"['ุจุฑุฏ#ุจุฑ', 'ุดูุงุฎุชู', 'ุดุฏ#ุดู', 'ุจุฑุง', 'ุฏูุฑุจู', 'ุดุจฺฉู', 'ฺฏุฑูุช#ฺฏุฑ']"
268,"['ููุช', 'ููุงุณุจู']"
269,"['ุชูุฌู', 'ฺฉูุช', 'ุจุงูุง', 'ููุด', 'ฺฉุฏุงฺฉ', 'ุฏุงุดุช#ุฏุงุฑ', 'ุชุตูู', 'ฺฏุฑูุช#ฺฏุฑ', 'ุจุฑุฏ#ุจุฑ', 'ูููุฑ', 'ุฎุฑุฏ#ุฎุฑ', '.', 'ฺฉูุช', 'ุณุงุฎุช', 'ุชุนุฑู', 'ูุฏุงุฑู', 'ุณุฑุนุช', 'ุฎูุจู', '.']"
270,['ููุช']
271,"['ฺูุฏู', 'ุฑู', 'ุฎุฑุฏุงุฑ', 'ุณุงู', 'ูุฑุณุฏู', 'ุฎุฑุงุจ', 'ุ', 'ุจุฑุฏ#ุจุฑ', 'ุนุงูู', 'ุฎุฑุงุจ', 'ูุณุชุด']"
272,"['ุจุฑุฏ#ุจุฑ', 'ุฏุฑุฌู', 'ุ', 'ุญุชูุง', 'ุฎุฑุฏ#ุฎุฑ']"
273,"['ฺฉูุช', 'ุงุฑุฒุด', 'ุฎุฑุฏ', 'ุฏุงุฑู']"
274,"['ฺฉุงุฑุช', 'ุญุงูุธู', 'ุณุฑุนุช', 'ุจุฑูุฏ', 'ูุนุชุจุฑ', 'ุดูุงุฎุชู']"
275,"['ุฎูุจู', 'ุณุฑุนุช', '.', 'ุดฺฉู']"
276,"['ุจุฑุฏ#ุจุฑ', 'ูุนุชุจุฑ', 'ุ', 'ุณุฑุนุช', 'ุงูุชูุงู', 'ุฏุชุง', 'ุ', 'ุงูุชุฎุงุจ', 'ุฑุงุถ', '.']"
277,['ฺฉูุช']
278,"['ฺฏูุด', 'ูพุฏุฑ', 'ุฎุฑุฏ#ุฎุฑ', 'ฺฉูุงู', 'ฺฉุงุฑ', 'ุงูุฏุงุฎุช#ุงูุฏุงุฒ', 'ุงูุงู', 'ูุฏุช', '#ูุณุช', 'ุฏุงุฑู', 'ุงุณุชูุงุฏู', 'ูฺฉูู', 'ููุช', 'ุจุฑุฏ#ุจุฑ', 'ุ', 'ูุณุชุด', '.']"
279,"['ุดุฑฺฉุช', 'ุชููุฏ', 'IS', 'ููุดุชู', 'ููุฏุงุฑ', 'ุญุงูุธู', 'ุงุณุชูุงุฏู', 'ูฺฉููุฏ', 'ฺฉุงููพูุชุฑ', 'ูุจุงู', 'binary', 'ุฎูุงูุฏู', 'ููุฏุงุฑ', 'ุญุงูุธู', 'ุงุณุชูุงุฏู', 'ูฺฉููุฏ', 'ุจุฎุงุทุฑ', 'ููุฏุงุฑ', 'ูุดูู', 'ูุฏู', 'Memory', 'cards', 'manufactures', 'choose', 'to', 'use', 'the', 'SI', 'system', 'to', 'denote', 'cards', 'sizes', '.', 'Our', 'computers', 'and', 'card', 'readers', 'use', 'the', 'binary', 'system', 'for', 'size', 'calculation', 'and', 'here', 'is', 'where', 'the', 'missing', 'Bytes', 'are', '.']"
280,"['ฺฉูุช', 'ุฎูุจู', 'ฺฉุฏุงฺฉ']"
281,"['ุณุฑุนุช', 'ุฏุงุฑู', 'ููุช', 'ููุงุณุจู', 'ุ', 'ุญุชูุง', 'ูพุดููุงุฏ', 'ูฺฉูู']"
282,"['ุชูุฌู', 'ุชุฌุฑุจู', 'ุงุณุชูุงุฏู', 'ูุจู', 'ููุด', 'ูุงุฑฺฉ', 'ุฎุฑุฏ', 'ุงูุงู', 'ุฑุงุถู']"
283,"['ูุงุฑฺฉ', 'ูุดูุงุณู', 'ูฺฉุชู', 'ุฎูุจ', 'ฺฏุงุฑุงูุช', 'ูุชู', '#ูุณุช']"
284,"['ุนุงูู', 'ุชุนุฑู', 'ูุฏุงุฑู']"
285,"['ุนุงูู', 'ฺฉูุช', 'ุณุฑุนุช', 'ฺฉูู', 'ููุช', 'ุฑูุชู', 'ุจุงุฎุช#ุจุงุฒ', 'ุงุฑุฒุด', 'ุฎุฑุฏู', 'ุฏุงุฑู']"
286,['ุจุงฺฉูุช']
287,"['ฺฉุงุฑุช', 'ุญุงูุธู', 'ูุณุชุด', 'ุชูุตู']"
288,"['ูุงุฑฺฉ', 'ฺฉุฏุงฺฉ', 'ูุนูููู', 'ุฎูุจู', 'ุชุนุฑู', 'ูุฏุงุฑู', 'ุ', 'ูพฺฉ', 'ุงุฑุณุงู', 'ุณุงุฎุช', 'ุชุงูุงู', 'ูุณุชุด']"
289,"['ุชูุฌู', 'ฺฉุงูุง', 'ูุดุงุจู', 'ุจุงุฒุงุฑ', 'ฺฉูุช', 'ูุทููุจ', 'ุธุงูุฑ', 'ุจูุชุฑ', 'ุจุฑุฎูุฑุฏุงุฑ', 'ฺฉูุช', 'ููุช', 'ููุงุณุจ']"
290,"['ุณุฑุน', 'ุจุงฺฉูุช']"
291,"['ฺฉูุช', 'ููุงุณุจ', 'ุฏุงุฑู', 'ุชูุฌู', 'ุณุงุฎุช', 'ุชุงูุงู', '#ูุณุช', 'ุงุฑุฒุด', 'ุฎุฑุฏ', 'ุฏุงุฑู', '.']"
292,[]
293,"['ุจุงฺฉูุช', 'ฺฏุงุฑุงูุช', 'ูุงุฏุงู']"
294,"['ุจูุญุงุธ', 'ุณุฑุนุช', 'ฺฉูุช', 'ูพุดููุงุฏ', 'ูฺฉูู']"
295,"['ฺฉุงุฑุช', 'ุญุงูุธู', 'ูุจูู', 'ุฌุฒู', 'ฺฉุงูุง', 'ูพุดููุงุฏ']"
296,"['ุณุฑุนุช', 'ุฏุงุฑู']"
297,"['ุฏุฑุฌู', 'ุงุตู', 'ุฒูุฏ', 'ุฎุฑุฏ#ุฎุฑ', 'ุชููู', 'ุดุฏ#ุดู']"
298,"['ูุชููู', 'ุจฺฏู', 'โฆ', 'ดูซต', 'ฺฏฺฏ', 'ตฐ', 'ุซุงูู', 'ุงูุชูุงู', 'โฆ']"
299,"['ุฏุฑูุฏ', 'ููฺฏ', 'ุจุฑุฏ#ุจุฑ', 'ฺฉุฏุงฺฉ', 'ูุฏู\u200cูุง', 'ูุณุชุด', 'ุฎุฑุฏ#ุฎุฑ', 'ุฑุงุถ', '#ูุณุช', 'ูพุดููุงุฏ']"
300,"['ุณุงุฎุช', 'ุชุงูุงู']"
301,"['ุณุฑุนุช', 'ฺฉูุช', 'ูุทููุจ']"
302,"['ุจุฑุฑุณ', 'ุงูุชุฎุงุจ', 'ุฑุงุถ', 'ุงู']"
303,"['ูุญุตููุงุช', 'ฺฉุฏุงฺฉ', 'ุญุฑู', 'ูุฏุงุฑู', 'ููููู', 'ุฏุฌ', 'ฺฉุงูุง']"
304,"['ูุงูู', 'ุฎุฑุฏ#ุฎุฑ', 'ุงุณุชูุงุฏู', 'ูฺฉูู']"
305,"['ุงูุงู', 'ณูุงู', 'ุงุณุชูุงุฏู', 'ุฑุงุถ', '#ูุณุช']"
306,"['ฺฉูุช', 'ุฎูุจู']"
307,"['ุณุฑุนุช', 'ฺฉูุช', 'ฺฏุงุฑุงูุช', 'ูุนุชุจุฑ', 'ุงูุชุธุงุฑ', 'ุฑู', 'ฺฉุฏุงฺฉ', 'ุจุฑุงุช', 'ุงุฑูุบุงู', 'ูุงุฑู']"
308,"['ููุช', 'ูฺฉ', 'ุจุงูุงุณ']"
309,"['ุณูุงู', 'ุฑู', 'ูุงุณู', 'ฺฏูุด', 'ุณุงูุณููฺฏ', 'A', 'ฐฑ', 'core', 'ุฎุฑุฏ#ุฎุฑ', 'ุฏุณุชู', 'ุจุงุฒ', 'ฺฏุฐุงุดุช#ฺฏุฐุงุฑ', 'ฺฏูุด', 'ูฺฏุงู', 'ุฏูู', 'ณฒ', 'ฺฏฺฏ', 'ุญุงูุธู', 'ู', 'ูุงุฑฺฉ', 'ุฏฺฏู', 'ฑถ', 'ฺฏุฐุงุดุช#ฺฏุฐุงุฑ', 'ฺฏูุด', 'ฑด', 'ฺฏฺฏ', 'ุงูู', 'ุฏุงุฏ#ุฏู', 'ูุงุณู', 'ุฎูุฏู', 'ุงูู', 'ุฎุฑุฏ#ุฎุฑ', 'ููุฏุงุฑ', 'ุญุงูุธู', 'ุฏุฏ#ุจู', 'ุญุฑุช', 'ุฒุฏ#ุฒู', 'ฺฉุฏู', 'ุฑู', 'ุฏูู', 'ณฒ', 'ฺฏฺฏู', 'ุุุ', 'ฺฏุงุฑุงูุช', 'ูุนุชุจุฑ', 'ููุช', 'ฑฒฐ', 'ุชููู', '!!!', 'ุงฺฏู', 'ุฏูู', 'ุจุฎูุงู', 'ุจฺฏู', 'ฑฑน', 'ูุฒุงุฑ', 'ตฐฐ', 'ุชููู', 'ณ', 'ฺฏฺฏ', 'ุงูุชูุงู', 'ุฏุงุฏ#ุฏู', 'ุจู', 'ด', 'ุฏููู', 'ฺฉุดุฏ#ฺฉุด', 'ุฒูุงู', 'ุฎูุจู', '.', 'ุฏุฌฺฉุงูุง', 'ุณุงุช', '#ูุณุช', 'ฺฏุงู', 'ุงููุงุช', 'ุฎุฑุงุจ', 'ูฺฉูู']"
310,"['ุฑุงุถ', 'ุจูุฏ#ุจุงุด']"
311,"['ฺฉุงุฑ', 'ุฑุงุญุช', 'ุงูุฏุงุฒ', 'ุฎุฑุฏ#ุฎุฑ', 'ุฑุงุถู']"
312,"['ูุจูุง', 'ูุงุฑฺฉ', 'ฺฏูุด', 'ุงู', 'ฺฏุฑูุช#ฺฏุฑ', '.', 'ุณุฑุนุช', 'ุฎูุงูุฏู', 'ููุดุชู', 'ุณุงู', 'ุงุณุชูุงุฏู', 'ุฎุฑุงุจ', 'ุฏุงุดุช#ุฏุงุฑ']"
313,"['ฺฉุงุฑุช', 'ุญุงูุธู', 'microSDHC']"
314,"['ูููุฑ', 'ุฎูุจู', 'ูพุดููุงุฏ', 'ูฺฉูู', 'ุชุดฺฉุฑ', 'ุฏุฌ']"
315,"['ฺฉูุช', '.', 'ุณุฑุนุช', '.']"
316,"['ุจูุธุฑ', 'ูุงุฏ', 'ุณุฑุนุช', 'ุจุณุชู', 'ุจุฑฺุณุจ', 'ฺฏุงุฑุงูุช', 'ูุนุชุจุฑ', 'ูู', 'ุญุงูุธู', 'ณฑ/นด', 'ฺฏฺฏ', 'ูุณุชุด', 'ุนุงูู', 'ุงูุฏูุงุฑ', 'ุนูุฑ', 'ุจุงุฏูุงู', 'ุจุงุดู', 'ุฏูุชูู', 'ฺฏุฑู']"
317,"['ุณุฑุนุช', 'ุนุงูู']"
318,"['ุณุงู', 'ูุดุฎุตุงุช', 'ูุงุฑฺฉ', 'ฑถ', 'ฺฏฺฏ', 'ุฎุฑุฏ#ุฎุฑ', 'ุฑูุฒ', 'ฺฉุงุฑ', 'ูฺฉูู', '.']"
319,"['ุฑูุฒู', 'ุฏุงุดุช#ุฏุงุฑ', 'ุงุณุชูุงุฏู', 'ูฺฉูู', 'ูุงูุนุง', 'ุฑุงุถู', 'ุ', 'ุชุณุชุด', 'ุณุฑุนุช', 'ุฎูุจู', '.']"
320,"['ฺฉูฺฺฉ', 'ุงุดฺฉุงู']"
321,"['ุฌูุณุง', 'ฺฉุฏุงฺฉ', 'ูุณุชู', 'ฺฏุงุฑุงูุชู', 'ุฎูุจ', 'ุฏุงุฑู']"
322,"['ุฎูุจู', 'ูุงุฑฺฉ', 'ุณุฑุนุช', 'ูุงูุนุง']"
323,"['ููููู', 'ุฏุฌ', 'ฺฉุงูุง']"
324,"['ฺฉูุง', 'ุจุฑุฏ#ุจุฑ', 'ุฎูุจู', 'ูุจุฎุงุทุฑ', 'ฺฏุงุฑุงูุช', 'ูุงุฏุงู', 'ุงูุนูุฑ', 'ุงุฑุฒุด', 'ุฎุฑุฏ', 'ุฏุงุฑู']"
325,"['ูุณุจ', 'ููุช', 'ู\u200cุงุฑุฒุฏ']"
326,"['ุนุนุนุนุนุฌุฌุจุจุจุจ', 'ุณุฑุนุช']"
327,"['ุณุฑุนุช', 'ูพุฑุฏุงุฒุด', 'ุงุณุชุญฺฉุงู', 'ุจุฑุฎูุฑุฏุงุฑู', '.']"
328,"['ูุจูุง', 'ุจุฑุฏ#ุจุฑ', '.', 'sanDisk', 'ุงุณุชูุงุฏู', 'ูฺฉุฑุฏู', 'ูููุฑ\u200cูุง', 'ููู', 'ุฏฺฏู', 'ููุดุฏ', 'ุฑูุดูู', 'ูุฑุงุฑุฏุงุฏ', 'ุจุฑุฏ#ุจุฑ', 'ุณุฑุนุช', 'read', '/', 'write', 'ุฏุฏ#ุจู', 'ูููุฏ#ููู', 'ุงูุชุฎุงุจ', 'ุฏุฑุณุช', 'ุฏุงุดุช#ุฏุงุฑ', 'ูุงูุนุง', '.', 'ุงูุฏูุงุฑ', 'sanDisk', 'ููู', 'ูุดู']"
329,"['ฺฉุงุฑุช', 'ุญุงูุธู', 'ููุฑุงู', 'ฺฏุงุฑุงูุช']"
330,"['ุงูุงู', 'ุฎุฑุฏ#ุฎุฑ', '.']"
331,"['ุณุฑุนุช', 'ุงูุชูุงู', 'ูุงู\u200cูุง', 'ุนุงูู']"
332,"['ุณุฑุนุช', 'ุงูุชูุงู', 'ูุงู\u200cูุง', 'ุนุงูู']"
333,"['ุจุฑุฏ#ุจุฑ', 'ูุนูููุง', 'ูุญุตููุงุช', 'ุงุฑุงุฆู', 'ู\u200cุฏู', 'ูููุฑ', 'ฺฉูุช', 'ุจุฑุฎูุฑุฏุงุฑู', '.']"
334,"['ุณุฑุนุช', 'ฺฏุงุฑุงูุช', 'ูุชู', 'ฺฉูุช']"
335,"['ุฎูุจู', 'ุนูุฑ', 'ฺฉูุชุงู', 'ูุธุฑ', 'ูุฑุงุด', 'ูฺฉูู']"
336,"['ุจุฑุฏ#ุจุฑ', 'ุชุฑุฏุฏ', 'ุฎุฑุฏุงุฑ', 'ูููุฏ#ููุง', 'ฺฉุณุงู', 'ุงุณุชูุงุฏู', 'ุงุฒ', 'ุฑุงุถู']"
337,"['ุณุงุงู', 'ูููุน', 'ุงฺฉุจูุฏ', 'ุถูุงูุช', 'ูุงุฏุงู', 'ุงูุนูุฑ', 'ุฑุง', 'ูุชู', 'ุฏุณุชู', 'ูุง', 'ุชุดฺฉุฑ', 'ุฏุฌ', 'ฺฉุงูุง']"
338,"['#ูุณุช', 'โฆุณุฑุนุชุด', 'ูุงุณู', 'ููุดุชู', 'ุฎูุจู', 'โฆุญุฏูุฏ', 'ฒน', 'ูซต', 'ฺฏฺฏ', 'ูุถุง', 'ุฏุงุฑู']"
339,"['ุฑู', 'ูุทูุฆู', 'ฺฉูุช', 'ุงูุฑุฌูุงู', 'ุฏุณุชู', 'ุฑุงุถ', 'ุงู']"
340,"['ฺฉุงุฑุช', 'ุญุงูุธู', 'ฺฏุงุฑุงูุช', 'ูุงูุน', 'ุงูุงู', 'ุงูุฏุงุฎุช#ุงูุฏุงุฒ', 'ฺฏูุด', 'ฺฉุฏุงฺฉ', 'ูุงุฑฺฉ', 'ูุฏู', 'ุดูุงุฎุชู', 'ุดุฏ#ุดู', 'ูุณุชุด', 'ุดฺฉ', 'ฺฉุฑุฏ#ฺฉู', 'ุฌูุณ', 'ุนุงูู']"
341,"['ุฏููุงู', 'ุงุณุชูุงุฏู', 'ูุดฺฉู', 'ุชููู', 'ุญุฌู', 'ฺฏูุด', 'ุจุฑุทุฑู']"
342,"['ุฏูุณุชุง', 'ุฎุฑุฏ#ุฎุฑ', 'ุ', 'ููุงุณู', 'ุณุงุฒ', 'ุฑูุจุง', 'ุจุงุฒุงุฑ', 'ุ', 'ููุช', 'ุฎูุจู', 'ุ', 'ุฌูุณ', 'ุงุนูุง', 'ฺฉูุช', 'ูุฎุฑู']"
343,"['ฺฏูุด', 'ุงูุฑ', 'ฺฉุงุฑ', 'ูฺฉูุฏ']"
344,"['ุฏูุฑุจู', 'ุนฺฉุงุณ', 'ุฎุฑุฏ#ุฎุฑ', '.', 'ุชุงุฒู', 'ุงูุฏุงุฎุชูุด', 'ุจ', 'ูุธุฑ', 'ุฑูู', 'ุฎูุจู', 'ุชูุฌู', 'ฺฏุดุช#ฺฏุฑุฏ', 'ุฏูุจุงู', 'ุฑู', 'ุฏุฏ#ุจู', 'ูุงุฑฺฉ', 'ูุงุฑฺฉุง', 'ุฏฺฏู', 'ุจูุชุฑู', 'ุ', 'ุณุงุฎุช', 'ุชุงูุงู', '#ูุณุช']"
345,"['ููุช', 'ุจุงูุงุณุช', 'ฺฉุงุฑุจุฑุฏู']"
346,['ุตุฑูุณุช']
347,['ุตุฑูุณุช']
348,"['ููุงุท', 'ุถุนู', 'ููุช', 'ุชูุถุญ', 'ุฏุงุฏ#ุฏู']"
349,"['ฺฉุงุฑุจุฑุฏ', '#ูุณุช', 'ฺฉูุช', 'ูุณุจุชุง', 'ุฎูุจู', '.']"
350,"['ูุงุณู', 'ฺฉูุงุณ', 'ุฒุจุงู', 'ุฏุฑุณ', 'ุณุฑู', 'ฺฉูุงุณ', 'ฺฉุงุฑ', 'ุงููุฏ', 'ุฑุงุถ', 'ุงู', 'ุงุฒ']"
351,['ุตุฑูุณุช']
352,"['ฺฉุงุบุฐ', 'ุฏุฌุชุงู', 'ุฏุฎุชุฑ', 'ฺฏุฑูุช#ฺฏุฑ', 'ุจุฏ']"
353,"['ูุทูุง', 'ููุฌูุฏ']"
354,"['ููุช', 'ุฎูุจู', 'ุณุฑฺฏุฑู', 'ูุณุชุด', 'ุงุณุชูุงุฏู', 'ุทููุงู', 'ุจุดู', 'ุฏูุงู', 'ุชูุงูุณุช#ุชูุงู', 'ุณูุฌุฏ']"
355,"['ุฎุฑุฏ#ุฎุฑ', 'ุฎูุจู']"
356,"['ููุดุชู', 'ุจุฑูุงูู', 'ุฑูุฒุงูู', 'ูุฑููู', 'ุฏุฑุณ', 'ุฎูุจู']"
357,"['ฺฉูุช', 'ุฎูุจู', 'ณตฐ', 'ุชููู', 'ูู\u200cุงุฑุฒู', 'ุชุฎูู', 'ููุช', 'ฑตฐ', 'ุชููู', 'ูุณ', 'ฺฉุงุฑุจุฑุฏ']"
358,"['ููุดุชู', 'ุจุฑูุงูู', 'ุฑูุฒุงูู', 'ูุฑููู', 'ุฏุฑุณ', 'ุฎูุจู']"
359,['ฺฉุงุฑุจุฑ']
360,"['ุฎูุจู', 'ูุฎุตูุตุง', 'ูุงุณู', 'ฺฉูฺฉูุฑุง', 'ุงููุง', 'ุญู', 'ุณุฑู', 'ฺฉุงุฑ', 'ุฏุงุฑู']"
361,"['ฺุฑฺฉ', 'ููุณ', 'ุชูุฑู', 'ุจฺู', 'ุนุงูู', 'ูุฎู', 'ุฎูุจู', 'ฺฉูุชุฑ', 'ูุตุฑู', 'ฺฉุงุบุฐ', 'ูพุดููุงุฏ', 'ูฺฉูู', 'ูุฏู', 'ุณูุงุฑุด', 'ุฏุงุฏ#ุฏู', 'ุฏุฌ', 'ฺฉุงูุง', 'ูุฏู', 'ุฏฺฏู', 'ุจุฑุงู', 'ุงุฑุณุงู', 'ูุฑุฌูุน', 'ฺฉุฑุฏ#ฺฉู', 'ุงูู', 'ูุฏู', 'ุฌูุงุจ', 'ฺฏู']"
362,['ฺฉุงุฑุจุฑ']
363,"['ููุช', 'ุนุงูู']"
364,"['ุนุงูู', 'ููุทู', 'ุถุนู', 'ุงูู', 'ููุดุชุชูู', 'ููุชููู', 'ูุณูุช', 'ูพุงฺฉ', 'ฺฉูุง', 'ูพุงฺฉ', 'ูุดู', 'ุตูุฑุช']"
365,"['ุชุฎูู', 'ุฎุฑุฏ#ุฎุฑ', 'ุงุฑุฒุด']"
366,"['ุฎุฑุฏ#ุฎุฑ', 'ุฎูุจู']"
367,"['ฺฺฉ', 'ููุณ', 'ุตุฑูู', 'ุฌู', 'ูุตุฑู', 'ฺฉุงุบุฐ', 'ุฎูุจู', 'ูุญุตู', 'ฺฉุงุฑุจุฑุฏู']"
368,"['ฺฉุงุฏู', 'ุฎูุจู']"
369,"['ฺฉุงุฏู', 'ุฎูุจู']"
370,"['ููุงุด', 'ุจฺู', 'ูุงูุนุง', 'ุฎูุจู', 'ุง', 'ฺฉุงุด', 'ุฑูุฒ', 'ุตูุญู', 'ุณูุฏ', 'ฺฉุงุบุฐ', 'ุงุฎุชุฑุงุน', 'ุจุดู', 'ุฑูฺฏ', 'ูููุช\u200cูุง', 'ูุฎุชูู', 'ุงูู', 'ูููุน', 'ุฏฺฏู', 'ฺฉุณ', 'ุฏูุชุฑ', 'ุฎูุฏฺฉุงุฑ', 'ูุฎุฑู', '.', 'ููููู', 'ุฏุฌฺฉุงูุง', 'ูุฒูู', 'ุงุฑุณุงู', 'ฺฉูุชุฑ', 'ฺฉูู', 'ุฑุบุจุชููู', 'ุฎุฑุฏ', 'ูุดู']"
371,"['ฺฉุงุฑ', 'ุงูุฏุงุฒู', 'ุ', 'ุงูุฏูุงุฑ', 'ฺฉูุช', 'ุฏุฑุงุฒ', 'ุจุงุดู', 'ุ', 'ุทุฑุงุญ', 'ูพุฑุฒูุช', 'ฺฉุงุฑ', 'ุฎูุงุตู', 'ฺ', 'ุฏุฑุฏ', 'ูุฎูุฑู', 'ุ', 'ุจุฌุง', 'ฺฉุงุบุฐ', 'ุฌุงฺฏุฒู', 'ุฎูุจู']"
372,"['ฺฉู', 'ูููุน', 'ูพุงฺฉ', 'ุจุงฺฏ', 'ุฏุงุฑู', 'ุงููู', 'ุฎุงุต', 'ฺฉ', 'ฺฉูุฏ', 'ุฒุฏ#ุฒู', 'ูพุงฺฉ', 'ูุดู', 'ุงฺฏ', 'ุฑุดุชุชูู', 'ุชุฌุฑุจ', 'ุฑุงุถ', 'ุจูุชูู', 'ุตุฏ', 'ุตุฏ', 'ูพุดููุงุฏ', 'ูฺฉูู']"
373,"['ุฏุฎุชุฑ', 'ุฎุฑุฏ#ุฎุฑ', 'ุฎูุด', 'ุงููุฏ', 'ฺฉุงุฑุจุฑุฏ', 'ุฏูุณุชุฏุงุฑ', 'ูุญุท', 'ุฒุณุช']"
374,"['ุณูุงู', 'ุฏูุณุชุงู', 'ุงฺฏู', 'ุฏุงุดุช#ุฏุงุฑ', 'ุฎุฑุฏ#ุฎุฑ', 'ุนุงูู', 'ุ', 'ุงูุฏุงุฒุดู', 'ุชูุฑุจุง', 'ุงูุฏุงุฒู', 'ฺฉุงุบุฐ', 'aต', '#ูุณุช', 'ุฑุงุถ', 'ุจูุฏ#ุจุงุด', 'ููููู', 'ุงุฒุชูู']"
375,"['ฺฉุงุฑ', 'ุฑูุฒูุฑู', 'ุซุจุช', 'ุงุฏุฏุงุดุช']"
376,"['ุฎู', 'ุนุงูู', 'ุฎู', 'โฆ', '.', 'ฺฉูุช', 'ุจุงูุง', 'ุฏุงุฑู', 'ุตูุญุดู', 'ุฎุทู', 'ุฎุด', 'ูุณุชุด', 'ูพุณุฑ', 'ฺฏุฑูุช#ฺฏุฑ', 'ุฏุจุณุชุงูู', 'ููุง', 'ุฑุงุญุช', 'ููุดุชู', 'ูุดู', 'ุฏฺฉุชู', 'ุฌุฏูู', 'ุถุฑุจ', 'ฺฉุงุฑ', 'ฺฉูู', 'ุงูููุฏุฑ', 'ุฎู', 'ุงููุฏู', 'ูุฎูุงู', 'ุฏฺฏู', 'ุดู', 'ุฎุฑุฏ#ุฎุฑ']"
377,"['ููุช', 'ฺฉุงุฑุจุฑุฏ']"
378,"['ูุณูู', 'ุฎุงูู', 'ุงุบุฐ', 'ูุตุฑู', 'ูฺฉููุฏ', '.', 'ฺฺฉ', 'ููุณ', 'ูุญุงุณุจุงุช', 'ฺฉุงุบุฐ', 'ููุงุด', 'ุจฺู', 'โฆ']"
379,"['ุฎูุจู', 'ูุฎุตูุตุง', 'ูุงุณู', 'ฺฉูฺฉูุฑุง', 'ุงููุง', 'ุญู', 'ุณุฑู', 'ฺฉุงุฑ', 'ุฏุงุฑู']"
380,"['ุฌุงฺฏุฒู', 'ููุงุณุจ', 'ฺฉุงุบุฐ', 'ุฏูุชุฑฺู', 'ุฎูุฏฺฉุงุฑู']"
381,"['ุงุตูุง', 'ุงูุชุธุงุฑ', 'ุฏุงุดุช#ุฏุงุฑ', 'ุงููุฏุฑ', 'ุจุงุญุงู', 'ุจุงุดู', '.', 'ุฑูุงูู']"
382,"['ููุตุฑู', 'ฺุฑฺฉ', 'ููุณ', 'ูุฑุงููุด', 'ูฺฉูุฏ']"
383,"['ฺฉู', 'ูููุน', 'ูพุงฺฉ', 'ุจุงฺฏ', 'ุฏุงุฑู', 'ุงููู', 'ุฎุงุต', 'ฺฉ', 'ฺฉูุฏ', 'ุฒุฏ#ุฒู', 'ูพุงฺฉ', 'ูุดู', 'ุงฺฏ', 'ุฑุดุชุชูู', 'ุชุฌุฑุจ', 'ุฑุงุถ', 'ุจูุชูู', 'ุตุฏ', 'ุตุฏ', 'ูพุดููุงุฏ', 'ูฺฉูู']"
384,"['ุฎูุจู', 'ุฑูฺฏ', 'ููู', 'ุชุฑุณ']"
385,['ุฎูุจู']
386,"['ุฎูุจู', 'ฺฉูุช', 'ุฎูุจู']"
387,"['ฺฉุงุฑุจุฑุฏู', 'ุ', 'ูููุน', 'ุณูุงูุงุช', 'ูุญุงุณุจุงุช', 'ุฏฺฏู', 'ูุงุฒ', 'ุงุณุชูุงุฏู', 'ฺฉุงุบุฐ', 'ูุงูุน', '!', ':', ')', 'ุชูุฌู', 'ููุช', 'ุชู', 'ุชุฎูู', 'ู\u200cุงุฑุฒู']"
388,"['ููุช', 'ุดฺฏูุช\u200cุงูฺฏุฒ', 'ุฎูุจู', '.']"
389,"['ููุช', 'ูพฺฉ', 'ฺฏุฑุงู', 'ูฺฏุฑูู', 'ููุช', 'ฺฉุงูุง', 'ฺฉูุชุดูู']"
390,"['ูุฒุฎุฑู', ':', '/ุฌุงูุจ']"
391,[]
392,['ุนุงูู']
393,[]
394,[]
395,[]
396,"['ุณูุงู', 'ฺฉูุฏฺฉ', 'ูุฑฺูุฏุฑ', 'ุฎูุงูุฏ#ุฎูุงู', 'ูุชููู', 'ููุงุด', 'ุจฺฉุดู', 'ูุงุฎู', 'ุฌุณู', 'ูุดู', 'ููุงุด', 'ฺฉุดุฏ#ฺฉุด', 'ูุง', 'ุฏฺฉูู', 'ูพุงฺฉ', 'ูุดู']"
397,"['ุนุงูู', 'ูุฎุตูุตุง', 'ูุฑูุด']"
398,['ุฎูุจู']
399,"['ฺฺฉ', 'ููุณ', 'ุตุฑูู', 'ุฌู', 'ูุตุฑู', 'ฺฉุงุบุฐ', 'ุฎูุจู', 'ูุญุตู', 'ฺฉุงุฑุจุฑุฏู']"
400,"['ููุช', 'ุฎูุจู', 'ุณุฑฺฏุฑู', 'ูุณุชุด', 'ุงุณุชูุงุฏู', 'ุทููุงู', 'ุจุดู', 'ุฏูุงู', 'ุชูุงูุณุช#ุชูุงู', 'ุณูุฌุฏ']"
401,"['ูุธุฑ', 'ุงฺฏู', 'ฺฉูุงุณ', 'ุจุฑูุงูู', 'ูุฑุฏ#ูุฑ', 'ฺฉุงุบุฐ', 'ูุตุฑู', 'ฺฉุฑุฏ#ฺฉู', 'ฺฏุฑูุช#ฺฏุฑ', 'ุงูุตุงูุง', 'ุญู', 'ุฑุงุถ', 'ุจูุฏ#ุจุงุด', 'ููุช', 'ู\u200cุงุฑุฒู']"
402,['ุจฺู']
403,"['ฺฺฉ', 'ููุณ', 'ุตุฑูู', 'ุฌู', 'ูุตุฑู', 'ฺฉุงุบุฐ', 'ุฎูุจู', 'ูุญุตู', 'ฺฉุงุฑุจุฑุฏู']"
404,"['ุนุงูู', 'ููุทู', 'ุถุนู', 'ุงูู', 'ููุดุชุชูู', 'ููุชููู', 'ูุณูุช', 'ูพุงฺฉ', 'ฺฉูุง', 'ูพุงฺฉ', 'ูุดู', 'ุตูุฑุช']"
405,"['ููุฏ', 'ููุน', 'ูุตุฑู', 'ฺฉุงุบุฐ']"
406,"['ููุช', 'ุชุฎูู', 'ุดฺฏูุช', 'ุงูฺฏุฒุด', 'ููุช']"
407,[]
408,['ฺฉุงุฑุจุฑุฏ']
409,['ุนุงุงุงุงู']
410,[]
411,"['ุณูุงู', 'ุงูู', 'ูุงุณู', 'ฺฉูุงุณ', 'ุฒุจุงู', 'ฺฏุฑูุช#ฺฏุฑ', 'ุฎู', 'ุจุฏุฑ', 'ูุฎูุฑ', 'ูุชู', 'ุจุฎูุง', 'ุณุฑุน', 'ููุดุช#ููุณ', 'ฺฉุงุบุฐ', 'ููุดู', 'ุณุฑุนุช', 'ุงูุฌุงู', 'ูุดู', 'ฺฉุงุดฺฉ', 'ู', 'ุญุงูุธู', 'ููุดุช#ููุณ', 'ูุดุฏ', 'ุนฺฉุณ', 'ฺฉูู']"
412,"['ุชู', 'ุชุฎูู', 'ุงุฑุฒุด', 'ุฏุงุฑู']"
413,"['ุฎูุจ', 'ุฑุงุถ', 'ุจูุฏ#ุจุงุด']"
414,"['ฺุด', '.', 'ููุช']"
415,"['ุฏุฎุชุฑ', 'ฺฉูฺููู', 'ุฎุฑุฏ#ุฎุฑ', 'ูุงูุนุง', 'ููฺฉุฑุฏู', 'ุจุงุดู', 'ูุจูุง', 'ูุบูุงุทุณ', 'ุดฺฉุณุช', 'ฺฉูุช', 'ูุบูุงุทุณ']"
416,"['ููุช', 'ูพฺฉ', 'ฺฏุฑุงู', 'ูฺฏุฑูู', 'ููุช', 'ฺฉุงูุง', 'ฺฉูุชุดูู']"
417,"['ุฎูุจู', 'ูฺฉุฑ', 'ููฺฉุฑุฏู', 'ุงููุฏุฑ', 'ุจุงุดู', '.']"
418,"['ูุงุณู', 'ุจฺู', 'ุนุงูู', 'ุฎูุจู']"
419,"['ุฎูุจู', 'ฺฉูุช', 'ุฎูุจู']"
420,"['ุทุฑุญ', 'ูุงูุฏ#ูุงู', 'ูุญฺฉู', 'ุตูุญู', 'ูุดุงุฑ', 'ูพุงฺฉ', 'ุฑูฺฏ', 'ุณุจุฒ', 'ูุงูุฏ#ูุงู', 'ุถุฑุจู', 'ุตูุญู', 'ฺฉูุช', 'ุทุฑุญ', 'ููุดุชู', 'ููฺฉูุฏ']"
421,"['ููุช', 'โฆ', '.', '.']"
422,['ุฎูุจู']
423,"['ูพุณุฑ', 'ุฎุฑุฏ#ุฎุฑ', 'ฺฉุงุบุฐ', 'ุงุณุชูุงุฏู', 'ูุตู', 'ูุดฺฉู']"
424,"['ุฎูุจู', 'ุ', 'ููุฑ', 'ฺฉูู', 'ุญุงูุช', 'ุนุงุฏ']"
425,"['ูุณูู', 'ุฎุงูู', 'ุงุบุฐ', 'ูุตุฑู', 'ูฺฉููุฏ', '.', 'ฺฺฉ', 'ููุณ', 'ูุญุงุณุจุงุช', 'ฺฉุงุบุฐ', 'ููุงุด', 'ุจฺู', 'โฆ']"
426,"['#ูุณุช', 'ูุญุตูู', 'ุฎุฑุฏุงุฑ', 'ูฺฉูู', 'ุ', 'ูุชุฃุณูุงูู', 'ุฎูุงู', 'ุฏูุนู', 'ุฌุนุจู', 'ฺฉุงูุง', 'ูู', 'ุถุฑุจู', 'ฺฏุฑ', 'ุฏุงุดุช#ุฏุงุฑ', '.', 'ุจุฎุงุทุฑ', 'ฺฉูุจูุฏ', 'ููุช', 'ูุฑุฌูุน', 'ฺฉุฑุฏ#ฺฉู', 'ุจุฏ', 'ูุธุงุฑุช', 'ฺฉุงูุง', 'ุงุฑุณุงู', 'ุจุดู']"
427,"['ุ', 'ุฏูุณุชุงู', 'ุฏูุช', 'ุจุงุชุฑ', 'cr', 'ฑฒฒฐ', 'ุจุงุดู']"
428,"['ุงุฏุงุด', 'ุฑูุฒุงูู', 'ุฎูุจู']"
429,"['ุฌุงูุจู', 'ูพุฑุงุณุชูุงุฏู']"
430,"['ุจุฏฺฉ', 'ุฑุงุถ', 'ฺฉููุฏุณ']"
431,"['ฺฉูุช', '.', 'ุฏุณุชู', 'ุงูุชุงุฏ#ุงูุช', 'ุดุฏ#ุดู', '.', 'ฺฉุงุฑุจุฑุฏ']"
432,"['ููุงุด', 'ุจฺู', 'ูุงูุนุง', 'ุฎูุจู', 'ุง', 'ฺฉุงุด', 'ุฑูุฒ', 'ุตูุญู', 'ุณูุฏ', 'ฺฉุงุบุฐ', 'ุงุฎุชุฑุงุน', 'ุจุดู', 'ุฑูฺฏ', 'ูููุช\u200cูุง', 'ูุฎุชูู', 'ุงูู', 'ูููุน', 'ุฏฺฏู', 'ฺฉุณ', 'ุฏูุชุฑ', 'ุฎูุฏฺฉุงุฑ', 'ูุฎุฑู', '.', 'ููููู', 'ุฏุฌฺฉุงูุง', 'ูุฒูู', 'ุงุฑุณุงู', 'ฺฉูุชุฑ', 'ฺฉูู', 'ุฑุบุจุชููู', 'ุฎุฑุฏ', 'ูุดู']"
433,"['ุฎูุจู', 'ูุงูุนุง', 'ฺฉุงุบุฐ', 'ูุฑุถู']"
434,"['ุฎุฑุฏ', 'ุดฺฉ', 'ฺฉุฑุฏ#ฺฉู']"
435,[]
436,"['ฺฉุงุฑุจุฑุฏ', 'ุฏุงุฑู', 'ููุช']"
437,"['ฺฉู', 'ูููุน', 'ูพุงฺฉ', 'ุจุงฺฏ', 'ุฏุงุฑู', 'ุงููู', 'ุฎุงุต', 'ฺฉ', 'ฺฉูุฏ', 'ุฒุฏ#ุฒู', 'ูพุงฺฉ', 'ูุดู', 'ุงฺฏ', 'ุฑุดุชุชูู', 'ุชุฌุฑุจ', 'ุฑุงุถ', 'ุจูุชูู', 'ุตุฏ', 'ุตุฏ', 'ูพุดููุงุฏ', 'ูฺฉูู']"
438,"['ููุช', 'ุฎูุจู', 'ุณุฑฺฏุฑู', 'ูุณุชุด', 'ุงุณุชูุงุฏู', 'ุทููุงู', 'ุจุดู', 'ุฏูุงู', 'ุชูุงูุณุช#ุชูุงู', 'ุณูุฌุฏ']"
439,['ุนุงูู']
440,"['ูุณูู', 'ุฎุงูู', 'ุงุบุฐ', 'ูุตุฑู', 'ูฺฉููุฏ', '.', 'ฺฺฉ', 'ููุณ', 'ูุญุงุณุจุงุช', 'ฺฉุงุบุฐ', 'ููุงุด', 'ุจฺู', 'โฆ']"
441,"['ฺฉุงุฑุจุฑุฏ', 'ูุญุงุณุจุงุช', 'ููุงุด', 'ฺฉุงุฑ', 'ูุงุฏ', 'ุถุนู', 'ุงูู', 'ุญุงูุธู', 'ูุฏุงุฑู', 'ฺฉุฌุง', 'ูพุงฺฉ', 'ูฺฉูู', 'ุงฺฉุซุฑุง', 'ุงูุทูุฑ', 'ูุณุชู']"
442,[]
443,['ฺฉุงุฑุจุฑ']
444,"['ฺฉุงุบุฐ', 'ุฏุฌุชุงู', 'ูุดู', 'ููุดุช#ููุณ', 'ููุงุด']"
445,"['ุนุงูู', '.', 'ูู', 'ุงุณุชูุงุฏู', '.', 'ุณุฑุนุช', 'ุนฺฉุณ', 'ุงูุนูู', 'ุตูุญู', '#ูุณุช', 'ุญุณ', 'ููุดุชู', 'ุขุฏู', 'ููุชูู', 'ู\u200cุดู', '.', 'ุทูุฑ', 'ุงููุงุช', 'ุจฺฉุงุฑ', 'ุฎูุงุณุช#ุฎูุงู', 'ุงูฺฉ', 'ุฎุท', 'ุฎุท', '.']"
446,[]
447,['.']
448,"['ุชฺฉ', 'ุฑูฺฏู', 'ููุช', 'ฺฉูุช', 'ุญุฑู', 'ูุฏุงุฑู', '.']"
449,"['ุฑุงุถ', 'ุจูุฏ#ุจุงุด']"
450,"['ุญุฑู', 'ุฏุงุดุช#ุฏุงุฑ', 'ู', 'ููู', 'ูุงูุน', 'ู\u200cูููู', 'ูููู', 'ฺฉูุช', 'ูุฐุช', 'ููุชูู', 'ูฺฉูู', '.']"
451,"['ูุตุฑู', 'ฺฉุงุบุฐ', 'ุจุณุจุงุฑ', 'ุตุฑูู', 'ุฌู', 'ูฺฉูุฏ']"
452,"['ุชุฌุฑุจู', 'ุฏููพุฐุฑ', 'ฺฉูุช', 'ุฏุงุฑู', 'ููุช', 'ููุทู', 'ุถุนู', 'ูุงุณู', 'ุทุฑุญ', 'ุฒุฏู', 'ุฎุท', 'ููุชู', 'ููู', 'ฺฉูุชุงู']"
453,['ฺฉุงุฑุจุฑุฏ']
454,"['ูุงูุนุง', 'ุนุงูู', 'ณ', 'ุงู', 'ุฎุฑุฏ#ุฎุฑ']"
455,"['ุงุฑุฒุด', 'ุฎุฑุฏ', 'ุฏุงุฑู', 'ูพุดุช', 'ููู', 'ุญููฺฏุฑ', 'ูพุงฺฉ', 'ุฏุงุฑุน', 'ุงุตูุง', 'ุฏุณุช', 'ูููููู']"
456,"['ุฑุงุถ', '#ูุณุช']"
457,[]
458,"['ูุฑู', 'ู\u200cููุณู', 'ู\u200cฺฉุดู', 'ุฑุงุถ', '#ูุณุช', 'ุชูุตู', 'ูุดู', 'ููููู', 'ุฏุฌ', 'ฺฉุงูุง']"
459,"['ุนุงูู', 'ูุงูุนุง', 'ูพุดููุงุฏ', 'ูฺฉูู', 'ุฌูุณ', 'ุงุฑุณุงู', 'ุนฺฉุณ', 'ูุชูุงูุชู', 'ุงุฑุงุฏ', 'ูุฏุงุฑู', 'ฺฉุงุฑุจุฑุฏ', 'ฺฉู', 'ุฑุงุถ', 'ุจูุฏ#ุจุงุด']"
460,"['ุญุชูุง', 'ุฎุฑุฏ#ุฎุฑ']"
461,"['ุจูุธุฑู', 'ููุช', 'ฺฉุงุฑ', '#ูุณุช']"
462,"['ฺฉุงุฑุจุฑุฏ', 'ุ', 'ุจุณุชู', 'ุชูุฒ', 'ุดฺฉ', 'ุ', 'ุณูุงุฑุดู', 'ุณุงูู', 'ุชูุฒ', 'ุฏููุง', 'ุณุฑ', 'ูููุน', 'ุขูุฑุฏู', 'ุฎู', 'ูุชุดฺฉุฑ']"
463,"['ููุงุด', 'ุจฺู', 'ูุงูุนุง', 'ุฎูุจู', 'ุง', 'ฺฉุงุด', 'ุฑูุฒ', 'ุตูุญู', 'ุณูุฏ', 'ฺฉุงุบุฐ', 'ุงุฎุชุฑุงุน', 'ุจุดู', 'ุฑูฺฏ', 'ูููุช\u200cูุง', 'ูุฎุชูู', 'ุงูู', 'ูููุน', 'ุฏฺฏู', 'ฺฉุณ', 'ุฏูุชุฑ', 'ุฎูุฏฺฉุงุฑ', 'ูุฎุฑู', '.', 'ููููู', 'ุฏุฌฺฉุงูุง', 'ูุฒูู', 'ุงุฑุณุงู', 'ฺฉูุชุฑ', 'ฺฉูู', 'ุฑุบุจุชููู', 'ุฎุฑุฏ', 'ูุดู']"
464,"['ุฎุฑุฏ#ุฎุฑ', 'ูุงูุนุง', 'ฺฉุงุฑุจุฑุฏู', 'ุฏุฑุฎุช', 'ฺฉูุชุฑ', 'ูุทุน', 'ูุดู']"
465,"['ุจุทูุฑ', 'ุชูุฌู', 'ููุช', 'ุจุงุฒุงุฑ', 'ุขุดูุชู', 'ุฎุงุฑุฌ', 'ุฏุฌ', 'ฺฉุงูุง', 'ุ', 'ุชุฎูู', 'ุงุฑุฒุงุจ', '.']"
466,['ฺฉุงุฑุจุฑุฏู']
467,"['ุชูุดฺฏูุช', 'ุงูฺฏุฒ', 'ุฎุฑุฏ#ุฎุฑ']"
468,"['ูฺฉุฑุฏู', 'ุฏุฑุฏ', 'ุฎูุฑุฏ#ุฎูุฑ', 'ูุงูุนุง', 'ุฑุงุถู']"
469,"['ฺฉูุช', 'ุฎูุจู', 'ููุช', 'ุชุฎูู', 'ููุงุณุจู']"
470,"['ูุณูู', 'ุฎูุจู', 'โฆ', 'ููููู', 'ุฏุฌ', 'ฺฉุงูุง๐ค']"
471,"['ููุช', 'ูพฺฉ', 'ฺฏุฑุงู', 'ูฺฏุฑูู', 'ููุช', 'ฺฉุงูุง', 'ฺฉูุชุดูู']"
472,"['ูุชููุฏ', 'ุฑุงุญุช', 'ููุดุช#ููุณ', 'ุนฺฉุณ', 'ุจฺฏุฑู', 'ูพุงฺฉ', 'ุงฺฏู', 'ูุทูุจ', 'ููู', 'ููุดุชู', '.', 'ูฺฏุฑ', 'ุนููุงู', 'ฺุฑฺฉ', 'ููุณ', 'ุฎูุจู', '.', 'ุฎุตูุตุง', 'ุฑุงุถุงุช', 'ฺฉุงุฑ', 'ูุญุงุณุจุงุช', '.', 'ฒ', 'ุชุงู', 'ุฏฺฏู', 'ุฎุฑุฏ', '.', 'ฺฉุงุบุฐู']"
473,"['ุนุงูู', '.', 'ูุตุฑู', 'ฺฉุงุบุฐ', 'ฺฺฉููุณ', 'ูพุณุฑูู', 'ุตูุฑุดุฏู', 'ุฌููฺฏุฑ', 'ุงุฒูุฏุฑุฑูุช', 'ฺฉุงุบุฐู', '.', 'ููุช', 'ฺฉูุช', 'ุฏุงุฑู']"
474,"['ุนุงูู', 'ุฏูุณุด', 'ุฏุงุดุช#ุฏุงุฑ', 'ููุช', 'ูุงุฑุฒู']"
475,"['ุนุงู', '#ูุณุช', 'ุฎุฑุฏ#ุฎุฑ']"
476,"['ุญุชูุง', 'ุฎุฑุฏ#ุฎุฑ', 'ุงูุนุงุฏู', 'ูุงูู', 'ุฎุฑุฏุงุฑ', 'ุฏุงุดุช#ุฏุงุฑ', 'ุงุณุชูุงุฏู', 'ูฺฉููู', 'ุงุฑุงุฏ', 'ุฏุฏ#ุจู']"
477,"['ูุฑุณุชุงุฏู', 'ุดุจู', 'ุนฺฉุณ', 'ูุชูุงูุชู', 'ุฎูุจู', 'ุฑุงุถ', 'ุงู']"
478,"['ุฎูุจู', 'ุชุฌุฑุจู', 'ููุดุชู', 'ุขุฏู', 'ูุฏู', 'ฺฉูุง', 'ุฎุฑุฏ#ุฎุฑ', 'ุฑุงุถ', '#ูุณุช', 'ฺฉุงุด', 'ุตุญูู\u200cุงุด', 'ููุดุชู', 'ุฏุฑุงุฒ', 'ุฎุท', 'ุงูุชุงุฏ#ุงูุช', '.']"
479,"['ุฎูุจู', 'ูุฎุตูุตุง', 'ูุงุณู', 'ฺฉูฺฉูุฑุง', 'ุงููุง', 'ุญู', 'ุณุฑู', 'ฺฉุงุฑ', 'ุฏุงุฑู']"
480,"['ููุช', 'ุชุฎูู', 'ุนุงูู', 'ุงุฑุฒุด', 'ุฎุฑุฏ', 'ุจุงูุงุณ', 'ูุตุฑู', 'ฺฉุงุบุฐ', 'ุฏูู', 'ุจุงุดู', 'ฺฏุฑูุชูุด', 'ุฏุฑฺฉู', 'ูพุดููุงุฏ', 'ูฺฉูู']"
481,"['ฺฉ', 'ุจุฑุงู', 'ูพุงฺฉ', 'ููุดุฏ']"
482,"['ูุญุตูู', 'ฺฉุงุฑ', 'ุงูุฏุงุฒู', 'ุฑูุฌ', 'ููุช', 'ุ', 'ฺฺฉ', 'ููุณ', 'ูู', 'ููุงุณุจู', '.', 'ูู', 'ููุณู', 'ูุดุฏ', 'ุชฺฉููููฺ', 'ุจุฎูุฏ', 'ุฏุฑุฎุช', 'ูุทุน', 'ููุดู', '.']"
483,[]
484,[]
485,['ุฎูุจู']
486,[]
487,"['ุงูุชุธุงุฑ', 'ุจูุชุฑ', 'ุฏุงุดุช#ุฏุงุฑ', 'ุฎูุจู', 'ุณุฑฺฏุฑู', 'ฺฉููุฏุณ']"
488,"['ุฎูุจู', 'ฺฉุงุฑุง', 'ุงุณฺฉุณ', 'ุทุฑุงุญ', 'ฺฉูุฏฺฉ', 'ุนุงูู']"
489,"['ฺฉูุงูู', 'ุฏุงุดุช#ุฏุงุฑ', 'ฺฉุงุบุฐ', 'ุฏุฌุชุงู', 'ุนููุงู', 'ฺฺฉููุณ', 'ุงุณุชูุงุฏู', 'ูฺฉูู', '.', 'ฺฉูุช', 'ุณุงุฎุช', 'ูุญุตูู', 'ุฑุงุถ', '#ูุณุช', 'ุงุฑุงุฏ', 'ุฎุงุต', 'ูพุงฺฉ', 'ูพุฑูุช', 'ุฏฺฉูู', 'ุฏูุช', 'ุฏุฏ#ุจู', '.', 'ุชูุฌู', 'ููู', 'ุชุตุงูุฑ', 'ูุฑูุดูุฏู', 'ฺฏุฑุฏ', 'ฺฉุงุฑุฎููู', 'ุฏุณุชฺฏุงู', 'ุจุงุชุฑ', 'ฺฏุฐุงุดุชู', 'ูุงุฒ', 'ุฎุฑุฏ', 'ุฌุฏุงฺฏููู', 'ุจุงุชุฑ', 'ุฏุงุดุช#ุฏุงุฑ', '.']"
490,"['ููุดุชู', 'ุจุฑูุงูู', 'ุฑูุฒุงูู', 'ูุฑููู', 'ุฏุฑุณ', 'ุฎูุจู']"
491,[]
492,"['ูุฏู', 'ุฎุฑุฏ#ุฎุฑ', 'ุฏุงูุด', 'ุขููุฒ', 'ุฏูุฑู', 'ุฑุงูููุง', '.', 'ูุจูู', '.']"
493,"['ฺฉุงุฏู', 'ุฎูุจู']"
494,"['ุฎุฑุฏ#ุฎุฑ', 'ุงููุง', 'ฺฏุฑููุชุฑ', 'ูุณุชู', 'ูุฑู', 'ุขูฺูุงู', 'ฺฉูุช', 'ุจุงูุง', 'ุฏุงุฑู', 'ุตุฑูู\u200cุฌู', 'ูุตุฑู', 'ฺฉุงุบุฐ', 'ฺฉูฺฉ', 'ุจุฒุฑฺฏ', 'ุฏุงุฑู๐ฌ']"
495,[]
496,"['ุฎูุจู', 'ฺฉูุช', 'ุฎูุจู']"
497,"['ุงุฏุฏุงุดุช', 'ุงูุง', 'ู\u200cุชููู', 'ููุฏ', 'ุจุงุดู']"
498,"['ุจุนููุงู', 'ฺฉุงุบุฐ', 'ุฏุฌุชุงู', 'ฺฉุงุฑุจุฑุฏ']"
499,"['ฑฐ', 'ุฎุฑุฏ#ุฎุฑ', 'ุนุฏ', 'ุจฺู', 'ุฎูุดุญุงู', 'ุจุดู', 'ุฏุฏู', 'ุจุชููู', 'ููุงุด', 'ูุณุฆูู', 'ูุงุดูู', 'ุงูุฌุงู', 'ุจุฏู', 'ุ', 'ุฎูุจู', 'ุฑุงุถ', '#ูุณุช']"
500,"['ุณูุงู', '.', 'ุฏูุชุง', 'ุชุฎูู', 'ุฎุฑุฏ#ุฎุฑ', '.', 'ุฎูุจู', '.', 'ููุช', 'ด', 'ุฏูุชุฑ', 'ุจุฑุงุจุฑ', 'ูฺฉูู', 'ูุง', 'ูุญุฏูุฏ', 'ุงุณุชูุงุฏู', 'ูุดู', '.', 'ุงุฑุฒุด', 'ุฎุฑุฏ', 'ุฏุงุฑู', '.', 'ุงูุฏุงุฒุด', 'ุฏูุช', 'ธ', 'ุงูฺ', '#ูุณุช', '.']"
501,"['ุชุฎูู', 'ูุงุฑุฒู', 'ูุงูุนุง', 'ฺฉุฑุฏ#ฺฉู', 'ณฐฐ', 'ุงุฑุฒุด', 'ูุงูุน', 'ุจุงุดู']"
502,"['ูุนูููู', 'ุจูุธุฑู']"
503,"['ุชุฎูู', 'ุฎุฑุฏ#ุฎุฑ', 'ุฑุงุถู', '.', 'ูุฏู', 'ูพู', 'ุจุงูุง', 'ุตูุญู', 'ูุดูู', 'ูุฏู', 'ูุฏู', 'ุฏุณุชู', 'ุฑุณุฏู', 'ุนฺฉุณ', 'ูุชูุงูุชู', '.', 'ุงฺฏู', 'ุชุฎูู', 'ฺฏุฑูุช#ฺฏุฑ', 'ูุฏู', 'ุฏุณุชู', 'ูุฑุณุฏ', 'ุญุชูุง', 'ุจุงุฒฺฏุดุช', 'ูุฒุฏู', '.', 'ฺฏูุดู', 'ูุงุด', 'ุฑูุฒู', 'ูุฑ', 'ุงููุฏู', 'ูุฏู\u200cูุง', 'ุฏฺฏู', 'ูุงุฏ', 'ุงูฺฏุงุฑ']"
504,"['ุนุงูู', 'ููุทู', 'ุถุนู', 'ุงูู', 'ููุดุชุชูู', 'ููุชููู', 'ูุณูุช', 'ูพุงฺฉ', 'ฺฉูุง', 'ูพุงฺฉ', 'ูุดู', 'ุตูุฑุช']"
505,"['ูุญุตูู', 'ุฎุฑุฏ#ุฎุฑ', 'ุงุณุชูุงุฏู', 'ุงุฑุงุฏ', 'ุงูู', 'ุฏุฏ#ุจู', '.']"
506,"['ุนุงูู', 'ฺฉูุช', 'ุฏุงุฑู', 'ฒ', 'ุฎุฑุฏ#ุฎุฑ', 'ุชู', 'ุชุฎูู', 'ฑฒฐ', 'ุชููู']"
507,"['ูุณูู', 'ฺฉุงุฑุจุฑุฏ']"
508,"['ุฎุฑุฏ#ุฎุฑ', 'ุฎูุจู']"
509,"['ุฎูุจู', 'ูพุดููุงุฏ', 'ูฺฉูู', 'ุงุฑุฒุงู', 'ููููู', 'ุฏุฌฺฉุงูุง']"
510,"['ฺฉุงุจุฑุฏ', 'ฺฉูุช', 'ุฏูุชุงุดู', 'ฺฏุฑูุช#ฺฏุฑ', 'ุฎูุฏู', 'ุจฺู', 'ููุงุด', 'ูฺฉุดู', 'ุจุง']"
511,[]
512,"['ุงูุนุงุฏู', 'ฑฐฐ', 'ุชููู', 'ุขุฏู', 'ุฏูุชุฑฺู', 'ุงุฏุฏุงุดุช', 'ููุฏู', 'ุจุฑุณู', 'ฺฉุงุบุฐ', 'ุฏุฌุชุงู']"
513,['ุฎูุจู']
514,"['ุฏุฑฺฉู', 'ุฎูุจู', '.']"
515,"['ููุดุชู', 'ฺฉุงุฑุง', 'ุฏู', 'ุฏุณุช', 'ุดุฑุญ', 'ูุฑุถุงู', 'ฺฏุฑูุช#ฺฏุฑ', 'ุงูุงู', 'ุฑุงุถ', 'ุจูุฏ#ุจุงุด', 'ฺฺฉ', 'ููุณ', 'ุงูุงู', 'ุฎูุจู']"
516,"['ุฎุฑุฏ#ุฎุฑ', 'ุฑุงุถู', 'ูุญุตูู', 'ุจุฑุงู', 'ุงุฑุณุงู', 'ุณุงูู', '#ูุณุช', 'ุ', 'ุนุฑุถ', 'ุตูุญู', 'ฑฒ', 'ุณุงูุช', 'ุทูู', 'ฑธ', 'ุณุงูุช', '#ูุณุช', 'ูุญุตูู', 'ุชุฎูู', 'ุฎูุฑุฏ#ุฎูุฑ', 'ุฎุฑุฏูุด']"
517,"['ฺฉูุช', 'ููุช', 'ูุณุชุด', 'ุ']"
518,"['ุจุฏ', 'ูุชูุณุท', 'ฺฉุงุฑ', 'ุจูุฏุงุฒ', 'ูุดฺฉู', 'ุขูฺูุงู', 'ุฏุงุดุช#ุฏุงุฑ', 'ุฏูุชุง', 'ุฎุฑุฏ#ุฎุฑ', 'ุจู', 'ููุฑ', 'ูุฏู', 'ุจุฏ']"
519,"['ูุงูุนุง', 'ุฎุฑุฏ#ุฎุฑ', 'ุฑุงุถู', 'ุ', 'ฺฉูุช', 'ุนุงูู', 'ุ', 'ุฌูุณ', 'ุฎูุจู', 'ูุงุฒฺฉู', 'ุ', 'ุจุงุชุฑุด', 'ุชู', 'ุฏุฌ', 'ฺฉุงูุง', '#ูุณุช', 'ุณุฑฺ', 'ยซ', 'ุจุงุชุฑ', 'ุณฺฉู', 'cr', 'ฑฒฒฐ', 'ยป', 'ุฎุท', 'ุฎุด', 'ููููุชู', 'ูุงูุนุง', 'ุนุงูู', 'ุ', 'ููุช', 'ููุงุณุจ', 'ุฏุงุฑู', 'ุ', 'ธูซต', 'ุงูฺ', '#ูุณุช', 'ุตูุญู', 'LCD', 'ุฑูุจ', 'ูุงุด', 'ุชุฑู', 'ุฎูู', 'ุชุฑู', '.', 'ู', 'ููู', 'ุฏุงุฑู', 'ุงุทูุงุนุงุช', 'ููุดุช#ููุณ', 'ุตูุฑุช', 'ุงุชูุงู', 'ูพุงฺฉ', 'ูุดู']"
520,['ุนุงู']
521,"['ุญุชูุง', 'ุฎุฑุฏ#ุฎุฑ']"
522,"['ููุช', 'ุงุฑุฒุงู']"
523,"['ูุทุนุงุช', 'ุงูฺฉุชุฑฺฉ', 'ุฎูุจู', '.']"
524,"['ููุช', 'ุงุฑุฒุงู']"
525,"['ููุญุตุฑ', '!', 'ุงุฑุฒูู', 'ฺฉุงุฑ', 'ุงูุฏุงุฒ', 'ูพุดููุงุฏ', 'ูุฏู', 'ุญุชูุง', 'ุฎุงู', 'ุฑุงุญุช', 'ุจุฎุฑู', '!', 'ูุฑุณ', 'ุฏุฌ', 'ฺฉุงูุง', 'ุนุฒุฒ']"
526,"['ุณูุงู', 'ุฎุฑุฏ', 'ุฏุณุชู', 'ฺฉูุชู', 'ุญุชูุง', 'ูพุดููุงุฏ', 'ูฺฉูู', 'ุงุณูพุฑ\u200cูุง', 'ููุฌูุฏ', 'ุจุงุฒุงุฑ', 'ุญุฑู', 'ูุฒูู']"
527,"['ฺฉุงุดุช#ฺฉุงุฑ', 'ุชุนูุฑ', 'ุจุฑุฏ', 'ุณุณุชู\u200cูุง', 'ุงููุช', 'ูุจูุง', 'ุงุณูพุฑ', 'ูุงูุฏ', 'ุงูฺฉ', 'ุงุณุชูุงุฏู', 'ูฺฉุฑุฏู', 'ุงูุฒุงุด', 'ููุช', 'ูพุดููุงุฏ', 'ุฏูุณุชุงู', 'ูพุฑูุชฺฉุช', 'ฺฏุฑูุช#ฺฏุฑ', 'ูุธุฑู', 'ุตุงุฏูุงูู', 'ูฺฏ', 'ฺฉูุช', 'ููุช', 'ุจูู', 'ุงุณูพุฑ\u200cูุง', 'ููุฌูุฏ', 'ุจุงุฒุงุฑ', 'ู', 'ุณุฑู', 'ฺฏุฑุฏู', 'ุจุงูุงุชุฑู', 'ูุธุฑู', 'ุฏููุงู', 'ุชุณุช', 'ฺฉุงุฑ', 'ุงุณูพุฑ', 'ูพุฑูุชฺฉุช', 'ูุฏู']"
528,"['ุงุณูพุฑ', 'ูุงูุนุง', 'ุนุงู', '#ูุณุช', 'ูุจูุง', 'ุงุณูพุฑู\u200cูุง', 'ุฏฺฏู', 'ุจุงุฒุงุฑ', 'ุงุณุชูุงุฏู', 'ฺฉุฑุฏ#ฺฉู', 'ูฺฉ', 'ูุฒุงุดุชู', 'ููุดุณุชู', 'ุดุณุชุดู', 'ูุฏู', 'ูฺฉู', 'ูููุฏุงุฒู', 'ูุงูุนุง', 'ุงุฑุฒุด', 'ุฎุฑุฏ', 'ุจุงูุง', 'ุฏุงุฑู']"
529,"['ูุงูุนุง', 'ุงุณูพุฑ', 'ุฎุดฺฉ', 'ุฏฺฏู', 'ุญุฑู', 'ูุฒูู', 'ูุจูุง', 'ุงุณูพุฑ', 'ุฎุดฺฉ', 'ูุงุฑฺฉ', 'ุฏฺฏู', 'ุงุณุชูุงุฏู', 'ูฺฉุฑุฏู', 'ุจู', 'ูฺฉ', 'ููุฏุงุฎุชู', 'ุจุฑุฏ', 'ุงุณูพุฑ', 'ุฎุดฺฉ', 'ูพุฑูุชฺฉุช', 'ุฏุงุดุช#ุฏุงุฑ', 'ูุฒูู', 'ุจู', 'ุจุฏ', 'ุฏุงุฑู', 'ูฺฉ', 'ููุฏุงุฒู', 'ุจุฑุฏ', 'ุฎุฏุง', 'ฺฉูุช', 'ููุช', 'ูพุงู', 'ุนุงูู']"
530,"['ุงุณูพุฑ', '#ูุณุช', 'ุฑูุจุง', 'ููุช', 'ุฎูุจู', 'ฺฉูุช', 'ุฑูุงุจุชู']"
531,"['ฺฉุงุฑุจุฑุฏ', 'ูุตุฑู', 'ุจุณุชฺฏ']"
532,"['ููุช', 'ุจุงุฒุงุฑ']"
533,"['ููุช', 'ูุงุฑุฒู']"
534,"['ููุช', 'ูุงุฑุฒู']"
535,"['ุฎูุจู', 'ุดุณุชู', 'ุดุฏ#ุดู', 'ูุทุนุงุช']"
536,"['ุงุณูพุฑ', 'ฺฉูุชู']"
537,"['ุงุณูพุฑ', '#ูุณุช', 'ุฑูุจุง', 'ููุช', 'ุฎูุจู', 'ฺฉูุช', 'ุฑูุงุจุชู']"
538,"['ุจู', 'ุขุฒุงุฑุฏููุฏู', 'ุจุฑูุฏูุง', 'ูุฏุงุฑู', 'ุญุดุฑู', 'ฺฉุด', 'ุชูุฒ', 'ูฺฉูู\u200c', 'ูฺฉุชู', 'ุฎูุจ', 'ูฺฏูุฏุงุฑูุฏู', 'ู', 'ูุงุฒู', 'ูพุงุดุด', 'ุงุณูพุฑ', '#ูุณุช', 'ูุดูฺฉ', 'ูุญฺฉู', 'ุจุณุชู', 'ูุดู', 'ุฏุฑุจ', 'ฺฏู', 'ููุดู', 'ูุญุตููุงุช', 'ุจุนุฏ', 'ฺุณุจ', 'ุฒุฏ#ุฒู', '', 'ุฏุฑูุงุฏ', 'ุงุณุชูุงุฏู', 'ูุดู', 'ุฏฺฏู', 'ุฌุง', 'ููุฑู', 'ูู', 'ูุดู', 'ููู', 'ูุดูู', 'ุฏููุฏู', 'ุฏูุช', 'ุจุงูุง', 'ุชููุฏ', 'ฺฉููุฏุณ', 'ูฺฉุงุช', 'ุฑุฒ', 'ุฏูุช', 'ุญุฌู', 'ููุงุณุจู']"
539,"['ุชูุฒ', 'ู\u200cฺฉูู', 'ู', 'ููุฏุงุฑ', 'ุจู', 'ุฏุงุฑู', 'ุ', 'ุชูุฒ', 'ุขุฑูฺุฑ', 'ููพ', 'ุชุงูพ', 'ุฎูุจู']"
540,"['ุชูุฒ', 'ูฺฉูู', 'ุงูฺฉุชุฑุณุชู', 'ุณุงฺฉู', 'ูุฏุงุฑู']"
541,"['ูุทุนุงุช', 'ฺฉุงููพูุชุฑ', 'ฺฏุฑูุช#ฺฏุฑ']"
542,[]
543,"['ฺฉุงุฑ', 'ุงูุฌุงู', 'ู\u200cุฏู', 'ุชูุฒ', 'ู\u200cฺฉูู']"
544,"['ฺฉุงุฑุจุฑุฏ', 'ูุตุฑู', 'ุจุณุชฺฏ']"
545,['ููุช']
546,"['ููุช', 'ุดุฑุงุท', 'ุจุงุฒุงุฑ', 'ุนุงูู']"
547,"['ฺฉูุช', 'ูุงูุฏ', 'ุจูุชุฑู']"
548,"['ฺฉุงุฑุจุฑุฏู', 'ุฎุฑุฏ#ุฎุฑ', 'ุฎููุชูู']"
549,"['ุงุณูพุฑ\u200cูุง', 'ุงุณุชุงุฏู', 'ูฺฉูู', 'ุชูุฒ', 'ูฺฉูู', 'ุณุฑุน', 'ูููพุฑู']"
550,"['ููุช', 'ุจุงุฒุงุฑ']"
551,"['ููุช', '.', 'ฺฉูุช', '.', 'ูุดุงุฑ', 'ุฏุงุฎู', 'ุงุณูพุฑ', 'ุฎูุฑุฏู', 'ุฒุงุฏู']"
552,"['ุฎูุจู', 'ุฎู', 'ุงููุฏ']"
553,"['ุฎู', 'ุฎูุจุจ']"
554,"['ุฎูุจู', 'ุชูุตู', 'ูฺฉูู']"
555,"['ฺฉุงุฑ', 'ุงูุฏุงุฒู']"
556,"['ุฎูุจู', 'ู', 'ูุจูู']"
557,['ููุช']
558,"['ุงุณูพุฑ', 'ูุงูุฏ', '#ูุณุช', 'ุงุณูพุฑ', 'ุฎุงู', 'ุฑุงุญุช', 'ุฎุฑุฏ#ุฎุฑ', 'ููุช', 'ฺฏุงุฒูู', 'ูุฏุงุฑู', 'ูุฏุงุฑ', 'ุญุณุงุณ', 'ุงุณุจ', 'ููุฒูุฏ']"
559,"['ููุช', 'ูุณุชุด']"
560,"['ููุช', 'ู\u200cุงุฑุฒู']"
561,['ููููู']
562,"['ุจู', 'โฆ', '.', '.']"
563,"['ุญุฌู', 'ฺฉุงุฑุง', 'ุฑุงุถ', 'ุจูุฏ#ุจุงุด']"
564,"['ุฌูุณ', 'ุฎูุจู', 'ููููู', 'ุฏฺฏู', 'ููุช', 'ููุงุณุจ', 'ุฏุงุฑู', 'ุงุณุชูุงุฏู', 'ุตุจุฑ', 'ูุณูู', 'ุจุฑู', 'ุงุณุชูุงุฏู']"
565,"['ุชุงุญุงูุง', 'ุจุฑุฏ#ุจุฑ', 'ูุงูุฏ', 'ุงุณุชูุงุฏู', 'ูฺฉุฑุฏู', '.', 'ฺฉู', 'ูุฏุงุฑู', 'ุ', 'ุงุฑุฒุงู', 'ุญุฌู', 'ุชุฑู']"
566,"['ฺฉุงุฑ', 'ุงูุฏุงุฒู']"
567,['ุฑุงุถ']
568,"['ฺฉุงุฑุจุฑุฏ', 'ุจุตุฑูู']"
569,"['ูุฏุฑุช', 'ูพุงฺฉ', 'ฺฉููุฏฺฏ', 'ููุช', 'ุฏูุช', 'ูุฏุงุฑุงุช', 'ุฎุดฺฉ', 'ุดุฏ#ุดู', 'ุจุฑู', 'ูุฏุงุฑ', 'ูุตู', 'ฺฉุฑุฏ#ฺฉู', 'โฆ', '.', 'ุขุชุด', 'ุณูุฎุช#ุณูุฒ']"
570,"['ูุณุจุชุง', 'ฺฉูุช', 'ููุงุณุจ', 'ุฏุงุฑู']"
571,[]
572,"['ฺฉุงุฑ', 'ุงูุฏุงุฒู', 'ุฏุฑ', 'ุฎุดฺฉ', 'ูุดู']"
573,"['ุจุฑุฏ#ุจุฑ', 'ูุงูุฏ', 'ูุจุงุดุฏ', 'ุฎูุจู']"
574,['ุนุงู']
575,"['ฺฉูุช', 'ููุช']"
576,"['ุฎูุจู', 'ุดุณุชู', 'ุดุฏ#ุดู', 'ูุทุนุงุช']"
577,"['ููุช', 'ูุณุจุชุง']"
578,"['ูุฑูุดูุฏู', 'ูพูููพ', 'ูุฑุณุชุงุฏ#ูุฑุณุช', 'ุฏุณุช', 'ุฏุฑุฏ', 'ูฺฉูู', '.']"
579,"['ุฎุฑุฏ#ุฎุฑ', 'ุฏุฌ', 'ุฑุงุถ', 'ุจูุฏ#ุจุงุด', 'ุงุฑุฒูู\u200cุชุฑ', 'ูุงูุฏ', '#ูุณุช', 'ุจู', 'ุฏุงุฑู', 'ุชูุฒฺฉููุฏฺฏ', 'ุฏุงุฑู', 'ูุงุฏุฑุจุฑุฏ', 'ููพุฑูุชุฑ', 'ุงุณุชูุงุฏู', '.']"
580,"['ููุช', 'ฺฉูุช', 'ุฏุงุฑู', 'ุฎุฑุฏ#ุฎุฑ', 'ุฑุงุถ', '#ูุณุช']"
581,"['ุงุณูพุฑ', 'ฺฉูุชู']"
582,"['ฺฉุงุฑ', 'ุงูุฏุงุฒู', 'ุฏุฑ', 'ุฎุดฺฉ', 'ูุดู']"
583,"['ููุช', 'ูุฏุฑุช', 'ุชูุฒฺฉููุฏฺฏ']"
584,"['ุจุงุฒุงุฑ', 'ููุช', 'ุฎูุจู']"
585,"['ฺฉุงุฑ', 'ุฏุงู', 'ุงูุฏุงุฒู', 'ุจู', 'ุจุฏ', 'ุฏุงุฑู']"
586,"['ฺฉุงุฑุง', 'ุจุฑุฏ#ุจุฑ', 'ุงูฺฉ', 'ูุงูุฏ', 'ุชูุงูุช', 'ุฏุฏ#ุจู', 'ุ', 'ููุช', 'ููุงุณุจ', '(', 'ูุฑูุดูุฏู', 'ุชูุฌู', 'ุจุงุฒุฎูุฑุฏ', 'ูุซุจุช', 'ูุณูุณู', 'ูุดู', 'ููุช', 'ุจุจุฑู', ')']"
587,"['ฺฉุงุฑุจุฑุฏ', 'โฆ']"
588,"['ูุนููู', 'ฺฉุงุฑ', 'ุงูุฏุงุฒ']"
589,"['ูุงูุนุง', 'ฺฉุงุฑุจุฑุฏ', 'ฺฉูุช']"
590,"['ูู\u200cุฏููู', 'ฺูุฏุฑ', 'ูุงูุฏ', 'ู\u200cุชููู', 'ุจุงุดู', 'ุฎุจ', 'ูุงูุฏ', 'ุจูุด', 'ูุงุฑุงุญุช', 'ููุช', 'ุฑูุชู', 'ุงุณูพุฑ', 'ุฎุดฺฉ', 'ฺฉู', 'ุชู', 'ุจู', 'ุจูุฒู', 'ูุฏู', 'ุงูุฏูุงุฑ', 'ุนูุงูุจ', 'ูุทุนุงุช', 'smd', 'ูุฏุงุดุชู', 'ุจุงุดู']"
591,"['ููุช', 'ุฎูุจู']"
592,"['ฺฉุงุฑุง', 'ุฏุงุฑู']"
593,"['ุงุณุชูุงุฏู', 'ุ', 'ูุฏุฑุช', 'ูพุงฺฉููุฏฺฏุด', '#ูุณุช']"
594,"['ุงุณูพุฑ', 'ุฎูุจู', 'ูููุชุด', 'ุจูู', 'ุชุฑู']"
595,"['ฺฉุงุฑ', 'ุงูุฌุงู', 'ู\u200cุฏู', 'ุชูุฒ', 'ู\u200cฺฉูู']"
596,"['ุณูุงู', '.', 'ูุจูุง', 'ุฏูุจุงุฑ', 'ุงุณูพุฑ', 'ูุงูุฏ', 'ุฎุฑุฏ#ุฎุฑ', '.', 'ุณุงู', 'ุฏฺฏู', 'ูุงูุฏ', 'ฺฏุฑูุช#ฺฏุฑ', 'ุจู', 'ฺฏุงุฒ', 'ูพฺฉูฺฉ', 'ูุฏุงุฏ', 'ุจุฎุงุทุฑ', 'ุชูุฌู', 'ูุธุฑุงุช', 'ุฏูุณุชุงู', 'ูพุฑูุชฺฉุช', 'ฺฏุฑูุช#ฺฏุฑ', 'ุฑุงุถู', '.']"
597,"['ุฎูุจู', 'ุชูุฒ', 'ูฺฉูู']"
598,"['ููุช', 'ฺฉูุช']"
599,"['ุฏูุณุชู', 'ุงูฺฉุชุฑููฺฉ', 'ฺฉุงุฑ', '#ูุณุช', 'ุฏุงุฏ#ุฏู', 'ุชุณุช', 'ุ', 'ุชุงุฏ', '.']"
600,"['ฺฏูุด', 'ุขููู', 'ุฎููู', 'ูุดฺฉู', 'ูุทุน', 'ูุตู', 'ุตุฏุง', 'ููุชูู', 'ููฺฉุฑุฏ', '.', 'ุจุฑุฏ', 'ุฒุฏ#ุฒู', 'ุชูุฒ', 'ุฏฺฏู', 'ูุดฺฉู', 'ูุฏุงุฑู', '.', 'ูุณุงู', 'ุงูฺฉุชุฑููฺฉ', 'ฺฉุงุฑุขูุฏู', 'ุฎุตูุตุง', 'ูู', 'ฺฉุงููพูุชุฑ', 'ุบุจุงุฑุดู', 'ูฺฏุฑู']"
601,"['ฺฉูุช', 'ุจุฏ', 'โฆ', '.', 'ฺฉู', 'ูพุงฺฉ', 'ฺฉููุฏฺฏุด', 'ุงุญุณุงุณ', 'ูฺฉูู', 'ุถุนู', 'ุฌูุณุง', 'ุฏฺฏุณุช', 'ุงุณุชูุงุฏู', 'โฆ', 'ุฎูุจู']"
602,"['ุชูุฒ', 'ุงุชุตุงูุงุช', 'ุงูฺฉุชุฑููฺฉ', 'ฺฏุฑูุช#ฺฏุฑ', 'ูพุณ']"
603,"['ููุช', 'ุฎูุจู']"
604,"['ููุช', 'ฺฉูุช', 'ฺฉุงุด', 'ูุฑูุดูุฏู', 'ุชูุถุญ', 'ูุฏุงุฏ', 'ุฑูฺฏ', 'ูุดฺฉ', 'ูุฑูุฒ', 'ูุฑู', 'ุฏุงุฑู']"
605,"['ุณูุงู', 'ููุช']"
606,"['ุญุฌู', 'ุฏุงุฑู', 'ูุงูุนุง', 'ฺฉูุช', 'ูพุงฺฉ', 'ฺฏ', 'ุจุงูุง', 'ุฏุงุฑู', 'ุงูุฑูุฒ', 'ุชุณุช']"
607,"['ูพุดููุงุฏ', 'ูฺฉูู', 'ุฎุฑุฏ#ุฎุฑ']"
608,"['ูุจูุง', 'ูุงูุฏ', 'ูุฎุฑุฏู', 'ฺฉุซุงูุช', 'ฺฉุงุดุช#ฺฉุงุฑ', 'ุจู', 'ฺฏุงุฒ', 'ุงู', 'ุฌ', 'ูุฏุงุฏ', 'ุจูุชุฑู', '.', 'ุจู', 'ุชูุฒู', '.', 'ุฏฺฏู', 'ูพุฑูุชฺฉุช', 'ูุฎุฑู']"
609,"['ฺฉูุช', 'ูุชูุณุท', 'ุฏุงุฑู', 'ููุช', 'ุจุตุฑูู', '#ูุณุช']"
610,"['ุงุณุชูุงุฏู', 'ุ', 'ุชูุฒ', 'ฺฉููุฏฺฏ', 'ุฏุงุฑู', 'ุ', 'ูุงูุฏ', 'ุจู', 'ุฒููุฏู', '#ูุณุช', 'ููุช', 'ุฑุงุถ', '#ูุณุช']"
611,"['ุจูุด', 'ุฒุงุฏู', 'ุฎูุจู']"
612,"['ุฎูุจู', 'ุนุงูู']"
613,['ฺฉุงุฑุจุฑุฏ']
614,['ฺฉูุช']
615,[]
616,"['ุจุฑุง', 'ุชูุฒ', 'ูพู', 'ุงุณุชุดู', 'ฺฏุฑูุช#ฺฏุฑ', 'ุ', 'ุ', 'ุฑุงุถ', 'ุงู']"
617,"['ุชูุถุญุงุช', 'ุชุตุงูุฑ', 'ุงุฑุงุฆู', 'ุฏุฌ', 'ฺฉุงูุง', 'ุงูุทุจุงู']"
618,"['ฺฉูุช', 'ุฎูุจู']"
619,"['ุชูุฒฺฉููุฏฺฏุด', 'ุนุงูู', 'ุจู', 'ูุฏุงุฑู', 'ุ', 'ูู', 'ุจูู', 'ุฎูุจู', 'ุ', 'ุฑุงุถ', 'ุงู', 'ุชูุตู', 'ูุดู', 'ุ', 'ุฏูุช', 'ูุฏู', 'ฺุฑุจ', 'ุจุฑุฏ#ุจุฑ', 'ุจูุฏุงุฑ', '#ูุณุช', '.']"
620,"['ููุช', 'ุฎูุจู', 'ูุดฺฉู', 'ูุฏุฏู\u200c', 'ุฏุงุฎู', '.', 'ุจุฑุฏ', 'ุญุณุงุณ', 'ุงูฺฉุชุฑููฺฉ\u200cุฎู', 'ุฎูุจู']"
621,"['ููุช', 'ฺฉูุช']"
622,['ฺฉูุช']
623,"['ูุญุตูู', 'ฑฐ', 'ุขุจุงู', 'ุฎุฑุฏ#ุฎุฑ', 'ฑต', 'ุฑูุฒ', 'ุจุฏุณุชู', 'ูุดฺฉู', 'ูพุณุช', 'ฺฉุฑุฌ', 'ุจุฑุฏ#ุจุฑ', 'ุณุฑุงุบ', 'ูุญุตูู', 'ฺฉูุช', 'ุนุงูู', 'ููุช', '#ูุณุช', 'ุจุฑุฏ', 'ุจุง', 'ุชูุฒ', 'ูุฑู', 'ุงุณูพุฑ', 'ณฐ', 'ุชููู', 'ููฺฉุฑุฏ', 'ุงุณูพุฑ', '#ูุณุช', 'ุญุณุงุจ', 'ูุฎูุงู', 'ุณูุงุฑุด', 'ุจุฏ']"
624,"['ููุท', 'ุงุณูพุฑ', 'ูู', '.', '.']"
625,"['ุนุงูู', 'ฺฉุงุฑู', 'ููู', 'ุงูุฏุงุฎุช#ุงูุฏุงุฒ', 'ุ', 'ุงููพู', 'ุณุณุชูู', 'ุณูฺ', 'ูุงุด', 'ุฌุงุจุฌุง', 'ูฺฉุฑุฏู', 'ุจุฏุฌูุฑ', 'ุฎุฑุฎุฑ', 'ูฺฉุฑุฏู', 'ุฎุด', 'ุฎุด', 'ูฺฉุฑุฏ', 'ุ', 'ุงูู', 'ฺฏุฑูุช#ฺฏุฑ', 'ุฒุฏ#ุฒู', 'ุนุงุงุงุงู', 'ุ', 'ูุดู', 'ูุงุณู', 'ูุทุนุงุช', 'ุงูฺฉุชุฑููุณฺฉ', 'ูฺฉุฑูุณูฺูุง', 'ูู', 'โฆ', '.', '.']"
626,"['ุฑุงุถ', '#ูุณุช', '.', 'ุจู', 'ฺฉุงุฑุง']"
627,"['ุนุงูู', 'ุญุชูุง', 'ุฎุฑุฏ#ุฎุฑ']"
628,"['ุดุณุชุดู', 'ฺฉูุฏ', 'ฺฉุงูฺฉุชูุฑ\u200cูุง', 'ุฎูุจู']"
629,"['ููุช', 'ููุงุณุจ', 'ุฏุงุฑู', 'ุชุงุฑุฎ', 'ุงููุถุง', 'ุณุงู', 'ุฏุงุฑู', 'ุนฺฉุณ', '#ูุณุช', '.', 'ุชูุฒ', 'ุจุฑุฏ', 'ูุฏุงุฑ', 'ุนุงูู', '.']"
630,"['ุฎูุจู', 'ูุดฺฉู', 'ูุฏุงุฑู', 'ุชูุฒ', 'ูฺฉูู']"
631,"['ุงุฒุงุณูพุฑ', 'ูุงูุฏ', 'ูุฏุงุฑู', 'ููุช', 'ุฎูุจู', '!']"
632,"['ูุงูุนุง', 'ุฑุงุถู', 'ุชูุฒ', 'ุจูุฑุฏ']"
633,"['ุจุฑุฏ#ุจุฑ', 'ูุงูุฏ', 'ุงุฑุฒููุชุฑ', 'ุตุฑูู']"
634,"['ฺฉูุช', 'ูุจููู']"
635,"['ููุช', 'ุฏุงุฑู', 'ุฎููฺฏ', 'ุฎูุจู', 'ฺฉูุช', 'ุฎูุจู']"
636,"['ููุช', 'ุจุงุฒุงุฑ', 'ุงุฑุฒุด', 'ุฎุฑุฏ']"
637,"['ฺฉู', 'ูุฏุฑุช', 'ุชุจุฎุฑ', 'ุถุนูู', 'ุฏุฑฺฉู']"
638,"['ุงุจู', 'ฺฉุงูุง', 'ฺฉุงุฑุจุฑุฏ', 'ฺฉูุช', 'ููุช', '#ูุณุช']"
639,"['ููุช', 'ฺฉูุช']"
640,"['ุดุณุชุดู', 'ูุฏู', 'ุจุง', 'ูุงุฏุฑุจูุฑุฏ', 'ุดุณุชุดู', 'ุฏุงุฏ#ุฏู', 'ูุชุฑฺฉุด', 'ุชูุฒ']"
641,"['ุญุชูุง', 'ุฎุฑุฏ#ุฎุฑ']"
642,[]
643,"['ุชูุฒ', 'ฺฉุงุดุช#ฺฉุงุฑ', 'ุฎูุจู', 'ููุช', 'ููุงุณุจู']"
644,"['ฺฉุงุฑุจุฑุฏ', 'ูุณุชุด', 'ุฏุงุดุชู', 'ููุฒู', 'ุฎูุจู']"
645,"['ุฎูุจู', 'ููุช', 'ุณุณุชู', 'ูุดู', 'ุจุง', 'ุชูุฒ']"
646,['ฺฉุงุฑุจุฑุฏ']
647,"['ุฌูุณ', 'ุจุฏ', 'ูุฏุงุฑู', 'ููุช', 'ฺฉุงุฑ', 'ุงูุฏุงุฒู']"
648,"['ุงุณุชูุงุฏู', 'ฺฉุฑุฏ#ฺฉู', 'ุจุฑุฏ#ุจุฑ', 'ูุงูุฏ', 'ููุช', 'ููุงุณุจุชุฑ', 'ุฏุงุฑู']"
649,"['ฺฉูุช', 'ฺฉุงุฑ', 'ุฑูุฒูุฑู']"
650,"['ณ', 'ุณุณุชู', 'ูุดู', 'ุจุง', 'ุชูุฒ', 'ุ', 'ุฑุงุถ', 'ุงู']"
651,"['ููุช', 'ููุงุณุจู']"
652,"['ุจุฑุฏ#ุจุฑ', 'ูุงูุฏ', 'ุงุฑุฒููุชุฑ', 'ุตุฑูู']"
653,"['ุฑุงุถ', '#ูุณุช']"
654,"['ฺฉูุช', 'ูุฏุฑุช', 'ุงุณูพุฑ', 'ูุงูุฏ', 'ููุงุณู']"
655,"['ุฑุงุถ', 'ุจูุฏ#ุจุงุด']"
656,"['ฺฉูุช', 'ูพุงฺฉ', 'ฺฉููุฏฺฏ']"
657,"['ูุดุงุฑ', 'ุงุณูพุฑ\u200cูุง', 'ุฎุดฺฉ', 'ุฎุงุฑุฌ', 'ุชูุฒฺฉููุฏฺฏ', 'ุงุณูพุฑ\u200cูุง', '.']"
658,"['ุงุณูพุฑ', 'ุฎูุจู', 'ุฎูุฏู', 'ุงุณูพุฑู\u200cูุง', 'ุฏฺฏู', 'ุงุณุชูุงุฏู', 'ูุซูู', 'ูุจูุฏู', 'ุญุฌู', 'ุฒุงุฏู', 'ูุดุงุฑ', 'ุงุณูพุฑ', 'ูุดูุฑู', 'ุงุตูุง', 'ูฺฉู', 'ูููุฏุงุฒู', 'ูุงูุนุง', 'ุนุงูู']"
659,"['ุฑุงุถ', '#ูุณุช', 'ุงุฒ', 'ุ', 'ุจู', 'ุฏุงุฑู', 'ุชูุฒ', 'ูฺฉูู', '.']"
660,"['ฺฉุงุฑุจุฑุฏ', 'ุงุณุชูุงุฏู']"
661,[]
662,"['ููุงุณู', 'ุงุณูพุฑ', 'ูุงูุฏ', 'ูุงูุฑุบูุจ', 'ุจุฏ', 'ุจู', 'ูุญุตูู', 'ุนุงูู']"
663,"['ุ', 'ููุช']"
664,"['ููุช', 'ูุบุงุฒู', 'ููุงุณุจ']"
665,"['ูู\u200cุฏููู', 'ูุฒู', 'ุงุญุชูุงูุง', 'ุจุงุดู']"
666,"['ููุช', 'ุฎูุจู']"
667,"['ูุณุจ', 'ููุช', 'ุฎูุจู']"
668,"['ูุจูุง', 'ุงุณุชูุงุฏู', 'ุฎูุจู', '.']"
669,"['ฺฉูุช', 'ูุงูุฏ', 'ููุฑุณู', 'ูุงูุฏ', 'ููุช', 'ููุฑุณู']"
670,"['ููุช', 'ฺฉูุช']"
671,"['.', 'ุชุงุฒู', 'ุฏุณุชู', 'ุฑุณุฏู', '.', 'ฺฉุงูุฑ', 'ฺูู', 'ูุญุงูุธุช', '.']"
672,"['.', 'ุชุงุฒู', 'ุฏุณุชู', 'ุฑุณุฏู', '.', 'ฺฉุงูุฑ', 'ฺูู', 'ูุญุงูุธุช', '.']"
673,"['.', 'ุชุงุฒู', 'ุฏุณุชู', 'ุฑุณุฏู', '.', 'ฺฉุงูุฑ', 'ฺูู', 'ูุญุงูุธุช', '.']"
674,"['ุฎูุจู', 'ุฑุงุถู']"
675,"['โฆ', '.', 'ุดฺฉ', 'ฺฉุฑุฏ#ฺฉู', 'ุฎุฑุฏ']"
676,"['ูุงูุนุง', 'ุชุจูุชูู', 'ุงูู', 'ูฺฉุฑุฏู', 'ุฎูุดฺฏู', 'ููุง', 'ุชุจูุชู', '.']"
677,['ุนุงุงุงุงุงุงุงุงุงุงุงุงุงุงุงุงุงุงุงุงู']
678,"['ุนุงู', 'ฺฉุงูุฑ', 'ุฏูุง']"
679,"['!', '!', '!', 'ุงุฒ', 'ุฑุงุถ', 'ุงู', 'ููุช', 'ุจุงูุงุณุช']"
680,"['#ูุณุช', 'ูุงู', 'ูุธุฑ', 'ููุดุช#ููุณ', 'ุญุชูุง', 'ุฎุฑุฏ#ุฎุฑ', 'ุนุงูู']"
681,"['ุนุงูู', 'ุฎุฑุฏ#ุฎุฑ', 'ฺฉุงุบุฐ', 'ฺฉุงุฏู', 'ูุฏู', 'ูุฎุง', 'ููุฏุงุฒู', 'ุชู', 'ุฎูุจู']"
682,"['ุจุณุช#ุจูุฏ', 'ุงูุงู', 'ุฏุณุชู', 'ุงุฑุณุงู', 'ูููุน', 'ฺฉู', 'ูุงุจุดูู', 'ุนุงูู', 'ุดูุงู', 'ฺฉูุช', 'ูุงูุนุง']"
683,"['ูุช', 'ุชุจูุช', '#ูุณุช', 'ุฌูุณ', 'ุฏุงุฑู', '.']"
684,"['ุนุงูู', 'ูพุดููุงุฏ', 'ูฺฉูู', 'ุฎุฑุฏ#ุฎุฑ']"
685,"['ูพุดููุงุฏ', 'ูฺฉูู', 'ุนุงูููู']"
686,['ุฏุฑฺฉู']
687,"['ุจุฑุฏ#ุจุฑ', 'ุนุงูู', 'ูุช', '#ูุณุช', 'ุ', 'ุฏูุช', 'ุชุจูุช', 'ธ', 'ุงูฺ', 'ููู', 'ูุฏู', 'ฒฐฑน', '#ูุณุช']"
688,"['ุณูุงู', 'ุฎูุจู', 'ุงูุงู', 'ุฑุงุถ', 'ุงู']"
689,"['ุฏููุง', 'ูุดุงุจู', 'ุนฺฉุณ', '.', 'ููุงูู', 'ูุญฺฉู', '.', 'ุชุจูุช', 'ุฎูุดุฏุณุช\u200cุชุฑ', '.', 'ุฑุงุถู', 'ุงุฑุณุงู', 'ูุงูุนุง', 'ุณุฑุน', 'ูููุน', '.', 'ููููู', 'ูุฑูุดูุฏู', 'ุฏุฌฺฉุงูุง']"
690,"['ุฑุงุถ', 'ุฌุง', 'ุดุงุฑฺุฑ', 'ููุฏุฒูุฑ', 'ุทุฑุงุญ', 'ูุญฺฉู', 'ุงูุฏุงุฒู']"
691,"['ูุดูฺฏ', 'ุชุจูุช', 'ูุตุจ', 'ูุงูุนุง', 'ฺฉูุช', 'ููุงุณุจ']"
692,"['ูุธุฑ', 'ุฎุฑุฏ#ุฎุฑ', 'ูพุดููู', 'ููุดุฏ']"
693,[]
694,['ุนุงูู']
695,['ุฏุฑฺฉู']
696,"['ุจุฑุฏ#ุจุฑ', 'ุนุงูู', 'ูุช', '#ูุณุช', 'ุ', 'ุฏูุช', 'ุชุจูุช', 'ธ', 'ุงูฺ', 'ููู', 'ูุฏู', 'ฒฐฑน', '#ูุณุช']"
697,"['ูพุดููุงุฏ', 'ูฺฉูู', 'ุนุงูููู']"
698,"['ุนุงูู', 'ุฌูุณ', 'ุดูุงูู']"
699,"['ููุช', 'ุฎูุจู', 'ุฎุฑุฏ', 'ุฏุฌ', 'ฺฉุงูุง', 'ุตุฑูู', 'ูุณุชุด', 'ููุช', 'ูุชูุงูุชู']"
700,"['ุฑุงุถ', 'ุฌุง', 'ุดุงุฑฺุฑ', 'ููุฏุฒูุฑ', 'ุทุฑุงุญ', 'ูุญฺฉู', 'ุงูุฏุงุฒู']"
701,"['ุฏููุง', 'ูุดุงุจู', 'ุนฺฉุณ', '.', 'ููุงูู', 'ูุญฺฉู', '.', 'ุชุจูุช', 'ุฎูุดุฏุณุช\u200cุชุฑ', '.', 'ุฑุงุถู', 'ุงุฑุณุงู', 'ูุงูุนุง', 'ุณุฑุน', 'ูููุน', '.', 'ููููู', 'ูุฑูุดูุฏู', 'ุฏุฌฺฉุงูุง']"
702,"['ููุช', 'ุฎูุจู', 'ุฎุฑุฏ', 'ุฏุฌ', 'ฺฉุงูุง', 'ุตุฑูู', 'ูุณุชุด', 'ููุช', 'ูุชูุงูุชู']"
703,"['ูุญฺฉู', '.', 'ุฒุฑุฏ', 'ููุดู', '.', 'ูุงูู', 'ุงุณุชูุงุฏู', 'ูฺฉูู', 'ุนุงูู']"
704,"['ฺ', 'ุชูููู', 'ูููู', 'ูุฎูุงุณุชู']"
705,"['ุฏูุชุง', 'ุฎุฑุฏ#ุฎุฑ', 'ุชุจูุช\u200cูุง', 'ุจฺู', 'ูุงู', 'ฺฉูุช', 'ุฏุงุฑู', 'ฺฉู', 'ฺฉูุงุณูุฑ', 'ฺฉูุช', 'ุจูุชุฑ', 'ุฏุงุฑู', 'ููุงูู', 'ูุณุชู']"
706,['ุนุงูู']
707,['ูุนููู']
708,[]
709,"['ุชูุตู', 'ูฺฉูู']"
710,"['ุฏูุจุงู', 'ฺฏุดุช#ฺฏุฑุฏ', 'ุ', 'ูพุฏุง', 'ูุงูุนุง', 'ููููู', 'ุฏูุจุงู', 'ุจูุฏ#ุจุงุด', 'ุ', 'ฺุฒ', 'ูุทุงุจู', 'ุชูุถุญุงุช', 'ุนฺฉุณ', 'ูุงุณุช', 'ุ', 'ุณุงุฒ', 'ูุชู', 'ูุชู', '.']"
711,"['ุงุตูุง', 'ุฌูุณ', 'ุฏุงุดุช#ุฏุงุฑ']"
712,"['ุฏููุง', 'ูุดุงุจู', 'ุนฺฉุณ', '.', 'ููุงูู', 'ูุญฺฉู', '.', 'ุชุจูุช', 'ุฎูุดุฏุณุช\u200cุชุฑ', '.', 'ุฑุงุถู', 'ุงุฑุณุงู', 'ูุงูุนุง', 'ุณุฑุน', 'ูููุน', '.', 'ููููู', 'ูุฑูุดูุฏู', 'ุฏุฌฺฉุงูุง']"
713,"['ุฏูุชุง', 'ุฎุฑุฏ#ุฎุฑ', 'ุชุจูุช\u200cูุง', 'ุจฺู', 'ูุงู', 'ฺฉูุช', 'ุฏุงุฑู', 'ฺฉู', 'ฺฉูุงุณูุฑ', 'ฺฉูุช', 'ุจูุชุฑ', 'ุฏุงุฑู', 'ููุงูู', 'ูุณุชู']"
714,['ุฏุฑฺฉู']
715,"['ุงุตูุง', 'ุฌูุณ', 'ุฏุงุดุช#ุฏุงุฑ']"
716,"['ุฌูุณ', 'ุฏุงุฑู', '.', 'ุงูุงู', 'ูุงูู', 'ุฏุงุดุช#ุฏุงุฑ', '.', 'ุฑูฺฏ', 'ฺฉุฑุฏ#ฺฉู', 'ุฒุฑุฏ', 'ุดุฏ#ุดู', '.', 'ูพุงุฑู', 'ุดุฏ#ุดู']"
717,"['ุฏูุชุง', 'ุฎุฑุฏ#ุฎุฑ', 'ุชุจูุช\u200cูุง', 'ุจฺู', 'ูุงู', 'ฺฉูุช', 'ุฏุงุฑู', 'ฺฉู', 'ฺฉูุงุณูุฑ', 'ฺฉูุช', 'ุจูุชุฑ', 'ุฏุงุฑู', 'ููุงูู', 'ูุณุชู']"
718,"['ุฑุงุถ', 'ุฌุง', 'ุดุงุฑฺุฑ', 'ููุฏุฒูุฑ', 'ุทุฑุงุญ', 'ูุญฺฉู', 'ุงูุฏุงุฒู']"
719,"['ุฌูุณ', 'ุดูุงู']"
720,[]
721,"['ุงุตูุง', 'ุฌูุณ', 'ุฏุงุดุช#ุฏุงุฑ']"
722,"['ฺูู', 'ุงูู', 'ุณุงุฒ', 'ุฏูู', 'ุฌูุณ', 'ูุฑุบูุจ', '.']"
723,"['ุณูุงู', 'ุฏูุณุชุงู', 'ฺฏุฑุงู', 'ฺฉุงูุฑ', 'ุชูุตู', 'ูฺฉูู', 'ุฎุฑุฏ#ุฎุฑ']"
724,"['ฺฉุงูุฑ', 'ุนุงูู', 'โฆ', 'ุถุฑุจู', 'ฺฏุฑ', 'โฆ', 'ุฌูุณ', 'ุจุงุฏูุงู', 'โฆ', 'ุดฺฉ', 'ุดูุงู', 'ุฎูุดฺฉู', 'โฆ', 'ุญุชูุง', 'ุชูุตู', 'ูฺฉูู', 'ุฎุฑุฏ#ุฎุฑ']"
725,"['ฺฏูุดู', 'ูุญฺฉู', 'ุงูุฏุงุฒู', 'ุจุงุจุช', 'ุณุงูุณููฺฏ', 't', 'ฒนต']"
726,[]
727,"['ููุช', 'ุฎูุจู', 'ุฎุฑุฏ', 'ุฏุฌ', 'ฺฉุงูุง', 'ุตุฑูู', 'ูุณุชุด', 'ููุช', 'ูุชูุงูุชู']"
728,"['ุนฺฉุณ', 'ูุชูุงูุชู', 'ุฎูุจู']"
729,['ุนุงูู']
730,"['ุงูุฏุงุฒู', 'ููุงููุช', 'ุถุฑุจู', 'ุฎูุจู', 'ุงฺฉุงุด', 'ููุช', 'ุจุฏุฑุฏ', 'ู\u200cุฎูุฑู']"
731,['ุนุงุงุงุงุงุงุงุงุงู']
732,['ุฒุจุง']
733,"['ุฎุท', 'ูุฏุงุฑู', 'ุดูุงู', 'ูุนุงูู']"
734,"['ุฑูฺฏุงุด', 'ูุชูููุน', 'ูู', 'ฺฉู', 'ุญุฑู', 'ุฏุงุดุช#ุฏุงุฑ']"
735,"['ูุงุจ', 'ุฎูุจู', '.', 'ุฎูุด', 'ุณุงุฎุช', 'ุชูุฒู', 'ุฌูุณ', 'ุนุงูู']"
736,"['ูุญฺฉู', '#ูุณุช', 'ุชุจูุช', 'ุถุฑุจู', 'ูุญุงูุธุช', 'ู\u200cฺฉูู', '.']"
737,"['ูุงูุนุง', 'ุนุงูู', 'ุ', 'ูุญฺฉู', 'ุฒุจุง', 'ุฎูุดุฏุณุช']"
738,['ุงูุฏุงุฒู']
739,"['ุนุงูู', 'ุฌูุณ', 'ุดูุงูู']"
740,"['ููุช', 'ูพุดููุงุฏ', 'ูฺฉูู๐']"
741,['ฺฉูุช']
742,"['ูุงุณู', 'ุชุจูุช', 'ุฏูุจุงู', 'ููฺู', 'ฺฉุงูุฑ', 'ูฺฏ', 'ููฺฉุฑุฏู', 'ุงุฎุฑุด', 'ุฏุฌ', 'ฺฉุงูุง', 'ุ', 'ฺฉูุช', 'ุฏุงุฑู', 'ุชุจูุช', 'ูุช', 'ูุดู']"
743,['ุฎูุจู']
744,['ุฒุจุง']
745,"['ุฎู', 'ูุงูุนุง', 'ูพุดููุงุฏ', 'ูฺฉูู', 'ุนุงูู', 'ุฎูุดฺฏูู', 'ุชู', 'ุฏุณุช', 'ุฑุงุญุชู', 'ููุงูู', '#ูุณุช']"
746,"['ฺฉูุช', 'ฺฉุงูุฑ', 'ุนุงูู']"
747,"['ุฌูุณ', 'ูุงูุนุง', 'ูุฑุบูุจ', 'ูุฐุช', 'ุจุฑุฏ#ุจุฑ']"
748,"['ุฎูุจู', 'ุชูุตู', 'ูฺฉูู']"
749,"['ูพุดููุงุฏ', 'ูฺฉูู', 'ุนุงูููู']"
750,"['ุณูุงู', 'ุฏูุณุชุงู', 'ฺฏุฑุงู', 'ฺฉุงูุฑ', 'ุชูุตู', 'ูฺฉูู', 'ุฎุฑุฏ#ุฎุฑ']"
751,"['ฺฉุงูุฑ', 'ููุงูู']"
752,"['ุฎูุจู', '.']"
753,"['ุฎู', 'ูุงุจ', 'ุฎูุจู', 'ุ', 'ุฎูุฏู', 'ูุงุจ', 'ูุฎุฑู', 'ููุดูู', 'ุฏูุณุช', 'ุฏุงุดุช#ุฏุงุฑ', '.', 'ุชุจูุชู', 'ณ', 'ุงุฑุชูุงุน', 'ุงูุฏุงุฎุช#ุงูุฏุงุฒ', 'ุฒูู', 'ูุงุจ', 'ูฺ', 'ุดุฏ#ุดู', 'ุ', 'ุฎุด', 'ุจุฑูุฏุงุดุช', 'ุ', 'ูุญุตูู', 'ุฏููุง', 'ุดฺฉู', 'ุนฺฉุณ', '#ูุณุช', 'ุ', 'ุตุญุญ', 'ูุงุจ', 'ุฎูุจู', 'ุ', 'ณ', 'ุชุจูุชู', 'ุงุฑุชูุงุน', 'ุงูุฏุงุฎุช#ุงูุฏุงุฒ', 'ุฒูู', 'ุฎุด', 'ุจุฑูุฏุงุดุช', 'ุ', 'ุตุญุญ', 'ุฏุฑุณุช', '.', 'ุฏููุง', 'ูุญุตูู', 'ุนฺฉุณ', 'ุชู', 'ุฏุฌ']"
754,"['ูพุดููุงุฏ', 'ูฺฉูู', 'ุฎุฑุฏ#ุฎุฑ', 'ูุงูุนุง', 'ฺฉุงูุฑ', 'ุฎูุจู', 'ฺฉูุช', 'ุดฺฉ', '๐๐คฉ']"
755,"['ูุญุงูุธ', 'ุฎูุจู', 'ุงุตูุง', 'ุฏุณุช', 'ูพุง', 'ฺฏุฑ', 'ุณูฺฏู', 'ุงูุงู', 'ด', 'ูุงู', 'ุฏุณุชู', 'ุฑุณุฏู', 'ููุฏุงุฑ', 'ุฒุฑุฏ']"
756,"['ฺฉูุช', 'ูุจููู']"
757,"['ุณูุงู', 'ุฏูุณุชุงู', 'ฺฏุฑุงู', 'ฺฉุงูุฑ', 'ุชูุตู', 'ูฺฉูู', 'ุฎุฑุฏ#ุฎุฑ']"
758,"['ุฌูุณ', 'ุฎูุจู', 'ุธุงูุฑ', 'ูุดูฺฏ', 'ุฏุงุฑู', 'ุ', 'ฺฏูุช#ฺฏู', 'ุถุฑุจู', 'ฺฏุฑ', 'ุฏุงุฑู', 'ุ', 'ุถุฑุจู', 'ฺฏุฑ', 'ุฏุงุดุช#ุฏุงุฑ']"
759,"['ฺฉูุช', 'ุนุงุงุงุงุงุงุงู', 'ูุงูู', 'ุฏุงุดุช#ุฏุงุฑ', 'ุฑุงุถ', 'ุงู', 'ุงุฒ']"
760,['ููููู']
761,"['ุจุฑุฏ#ุจุฑ', 'ุนุงูู', 'ูุช', '#ูุณุช', 'ุ', 'ุฏูุช', 'ุชุจูุช', 'ธ', 'ุงูฺ', 'ููู', 'ูุฏู', 'ฒฐฑน', '#ูุณุช']"
762,"['ุฎู', 'ุฎูุจู']"
763,"['ูุดูฺฏู', 'ุฏููุง', 'ุงูุฏุงุฒู', 'ุชุจูุชู', '#ูุณุช', 'ุ', 'ุงฺฏู', 'ฺฏูุงุด', 'ููุงุด', 'ุขุชู', 'ูุดูฺฏ', 'ูุดู', 'ุ']"
764,"['ุชูุฌู', 'ููุช', '-', 'ฺฉูุช', 'ุฏุงุฑู', '.']"
765,"['ุฎุฑุฏ#ุฎุฑ', 'ุฑุงุถ', '#ูุณุช', '.', 'ุฒุจุง', 'ฺฉูุช']"
766,"['ุฎูุจู', 'ุฑุงุถู']"
767,"['ุฒุจุง', '.']"
768,"['ุจูุชูู', 'ูพุดููุงุฏ', 'ูฺฉูู', 'ูุงุจ', 'ุฎุฑุฏุงุฑ', 'ููููู', 'ุฏุฌ', 'ฺฉุงูุง']"
769,"['ุฌูุณ', 'ุนุงูู', '.', 'ุฏููุง', 'ุนฺฉุณ', 'ุฏุฌ', 'ฺฏุฐุงุดุชู', 'ูุณุชุด', '.', 'ุตูุญู', 'ููุงุด', 'ูุงุจ', 'ฺฉูุฌ', 'ูุงุด', 'ุจุฑุขูุฏฺฏ', 'ุงุฎุชูุงู', 'ุงุฑุชูุงุน', 'ุฏุงุฑู', 'ุงุญุชูุงู', 'ุจุฑุฎูุฑุฏ', 'ุถุฑุจู', 'ููุงุญ', 'ูฺฉูู', '.', 'ุทุฑุงุญ', 'ฺฉุงุฑุจุฑุฏ', 'ุฒุจุง', 'ุนุงูู', '.', 'ุฏฺฉูู', 'ูุฑุงุฑ', 'ฺฏุฑูุช#ฺฏุฑ', '.', 'ุฏููุง', 'ูุช', 'ุชุจูุช', 'ูุณุชุด', '.', 'ฺฉูุงู', '.']"
770,"['ุนุงูู', 'ููุญฺฉู', 'ุงูุนุทุงู']"
771,"['ููููู', 'ุฏูุจุงู', 'ุดูุฑ', 'ฺฏุดุช#ฺฏุฑุฏ', 'ุฑุงุญุช', 'ุฏุฌ', 'ุณูุงุฑุด', 'ุฏุงุฏู\u200c']"
772,"['ฺฉูุช', 'ุฏุงุฑู']"
773,"['ูุงุจ', 'ุฒุจุง', 'ูุดูุงู', 'ุจุณุชู', 'ุฒุจุง']"
774,"['ููุช', 'ุฎูุจู']"
775,"['ุฌูุณ', 'ุฎูุจู', 'ุฏฺฉูู', 'ุงุณูพฺฉุฑ', 'ุฏูู', 'ุงูุฑุฏู']"
776,"['ูพุดููุงุฏ', 'ูฺฉูู', '.']"
777,"['ุจู', 'ุดฺฉ', 'ุฒุจุง', 'ุจุงฺฉูุช']"
778,"['ูุงูุนุง', 'ุนุงูู', 'ุฎุฑุฏ#ุฎุฑ', 'ุฌูุณ', 'ฺฉูุช', 'ุฏุงุฑู']"
779,"['ุชูุตู', 'ูฺฉูู', 'ุญุชูุง', 'ุฎุฑุฏุงุฑ']"
780,"['ูุญฺฉู', 'ุถุฑุจู', 'ฺฏุฑ']"
781,"['ูุญุดุฑ', 'ุจุฑฺุณุจ', 'ุฒุฏ#ุฒู', 'ูุดูฺฏ']"
782,[]
783,"['ูุฑุฌุง', 'ุฑูุช#ุฑู', 'ูุงุจ', 'ฺฉุฑุฏ#ฺฉู']"
784,"['ุงุณุชุซูุง', 'ูุงูุนุง', 'ุชุจูุชูู', 'ุฏฺฏ']"
785,"['ุชุจูุช', 't', 'ฒนต', 'ูุฏุฑุช', 'ุจุงูุง', 'ุถุฑุจู', 'ุฏุงุฑู', 'ุชุณุชุด', '!!!']"
786,"['ุฑุงุถ', '#ูุณุช', 'ุญุชูุง', 'ุฎุฑุฏ#ุฎุฑ']"
787,['ุฒุจุง']
788,"['ุงุฑุฒุด', 'ุฎุฑุฏ', 'ุฏุงุฑู']"
789,"['ูุจูุง', 'ุชุจูุช', 'ุณุงูุณููฺฏ', 'ฑฐ', 'ุงูฺ', 'ุฎุฑุฏ#ุฎุฑ', 'ุฏฺฏู', 'ุชุจูุช', 'ธ', 'ุงูฺ', 'ุณุงูุณููฺฏ', 'ุฎุฑุฏ#ุฎุฑ', 'ุฑูฺฏ', 'ุดูุงู', 'ุฎุฑุฏ#ุฎุฑ', '#ูุณุช']"
790,"['ฺฉูุช', 'ููุช']"
791,"['ูุงูุนุง', 'ุนุงูู', 'ูพูู', 'ู\u200cุงุฑุฒู', 'ุฎุฑุฏ#ุฎุฑ', 'ุนฺฉุณ', 'ุขูุฒ', 'ฺฏุฑูุช#ฺฏุฑ', 'ฺฉู', 'ุนุงูู']"
792,[]
793,"['ุฎูุด', 'ุณุงุฎุชู', 'ุถุฑุจ', 'ฺฏุฑ', 'ุฏุงุฑู']"
794,"['ฺฉูุช', 'ููุงุณุจ', 'ุฏุงุฑู']"
795,"['ฺฉูุช', '.']"
796,"['ูพุดุช', 'ููุชู', 'ฺฉุงุฑุช', 'ุช', 'ุงุณ', 'ฺฏุฐุงุดุช#ฺฏุฐุงุฑ', 'ุฎูุดฺฏู', 'ูุชูุนู', '#ูุณุช', 'ุฑูฺฏ', 'ุนูุถ', 'ุจุดู']"
797,"['ููฺุด', 'ุฑุงุถ', 'ุจูุฏ#ุจุงุด']"
798,['ูุญฺฉู']
799,[]
800,"['ุดุฏุช', 'ูุงุจ', 'ุฑุงุถ', '#ูุณุช', 'ูุญฺฉู', 'ุฏูุงูู', 'ุชุจูุช', 'ูุญุงูุธุช', 'ูฺฉูู', 'ููุช', 'ุงุฑุฒุด', 'ุฏุงุฑู']"
801,"['ุฎุฑุฏ', 'ุชูุตู']"
802,"['ุฎูุจู', 'ุฏุงุฎู', 'ุนฺฉุณ', 'ู', 'ุทูุฑู', 'ุจุงฺฉูุงุณู', 'ุฑูฺฏ', 'ุฏุงุฎู', 'ู', 'ุธุฑู', 'ุณุฑฺฉู', 'ุบูุธ', 'ุจุฑุฒู', 'ุฌูุฏ', 'ุฏุงุฎู', 'ุธุฑู', 'ุจุฒุงุฑู', 'ุจฺฉ', 'ุณุงุนุช', 'ุฏุงุฎู', 'ุธุฑู', 'ุจุฒุงุฑุฏุด', 'ุขุจ', 'ุจุดูุฑูุด', 'ุดูุงู', 'ุฎุฑุฏ#ุฎุฑ', 'ุฑูฺฏ', 'ุฏฺฏู', 'ุฌูุณ', 'ุจุฏ', 'ุฏุงุฑู']"
803,"['ุนุงูู', 'ุฌูุณ', 'ุดูุงูู']"
804,"['#ูุณุช', 'ุฌูุณ', 'ูุญฺฉู', 'ุฏุงุฑู', '.', 'ุฏูุณุช', 'ุฑูฺฏ', 'ฺฏูุดุดูู', 'ูุนููู', 'ุจุดู', 'ุชูุตู', '#ูุณุช', '.', 'ุชุจูุช', 'ูุงุจ', 'ุณุงุฏู', '.']"
805,"['ูุงูุนุง', 'ุนุงูู', 'ฺฉูุช', 'ููุช', 'ููู', 'ููุงููุช']"
806,"['ุฎุฑุฏ#ุฎุฑ', 'ุฑูฺฏ', 'ุนูุถ', 'ุดุฏ#ุดู']"
807,"['ูุงูุนุง', 'ฺฉุงูุฑ', 'ููู\u200cุงูุนุงุฏู', 'ฺฉุณุง', 'ุชุจูุชุดูู', 'ุถุฑุจู', 'ูุจูู', 'ูุงูุนุง', 'ููุงุณุจู', 'ุดูุงูุช', 'ุฏุงุฑู', 'ุฏูุณุช', 'ุฏุงุดุช#ุฏุงุฑ', 'ููุฏููู', 'ุจุนุฏุง', 'ุฑูฺฏ', 'ฺฉูู']"
808,"['ุฑุงุถ', '#ูุณุช']"
809,[]
810,"['ููููู', 'ุฏุฌ', 'ฺฉุงูุง', 'ูุงูุนุง', 'ุฌูุณ']"
811,"['ููุช', 'ฺฉูุช', 'ุฏุฑฺฏุงู', 'ุชูุฒ', 'ุจุฑุด', 'ุฏุงุฏ#ุฏู', '.']"
812,"['ุฎูุจู', 'ุจุฎุฑู']"
813,"['ฺฏุงุฑุฏ', 'ุนุงูู', 'ุฏุณุช', 'ุฏุฑุฏ', 'ูฺฉูู', 'ุฏ', 'ุฌ', 'ฺฉุงูุง', 'ููููู', 'ูุงูุนุง', 'ุนุงูู']"
814,"['ูุงุจ', 'ุฎูุจู', 'ูพูุดุด', 'ฺฉุงูู', 'ุงุฌุงุฏ', '.']"
815,"['ุจุณุชู', 'ูููุน', 'ุชุญูู', 'ุ', 'ุงูุฏุงุฒู', 'ููุช', 'ุชุจูุช', 'ุ', 'ูุฑู', 'ูุถุฑุจู', 'ฺฏุฑ', 'ุ', 'ุฒุจุง', 'ูุจุง', 'ฺฉูุงุณ', 'ุ', 'ููุช']"
816,"['ุฌูุณ', 'ูุช', 'ุชุจูุช', 'ุจุงูุดุชฺฉ', 'ฺฉูุงุฑู']"
817,"['ูพุดููุงุฏ', 'ูฺฉูู']"
818,['ููุงููู']
819,['ุนุงูููููููู']
820,"['ฺฉูุช', 'ููุงูู']"
821,"['ุชุจูุช', 'ูพุดุช', 'ุฎุณ', 'ุฏุงุฑู', 'ูุงุจ', 'ููุชููู', 'ุงูู', 'ุฎุด', 'ูพููุงู', 'ฺฉูู']"
822,['ูุช']
823,"['ุนุงูู,', 'ุงูุฏูุงุฑ', 'ุฑูฺฏ', 'ูฺฉูู']"
824,"['ูุงุจ', 'ูพุดููุงุฏ', 'ูฺฉูู', 'ุฎุฑุฏ#ุฎุฑ', 'ุชุดฺฉุฑ', 'ุฏุฌ', 'ฺฉุงูุง']"
825,['ูุดฺฉู']
826,['ููุช']
827,"['ฺฉูุงู', 'ุนุงูู']"
828,"['ฺฉูุช', 'ุฎูุจู', 'โฆ', '.', 'ู', 'ููุช', 'ุจุงูุงุณุช', 'ุ', 'ูุฌุฏุฏ', 'ุชุจูุช', 'ุฏฺฏู', 'ุณูุงุฑุด', 'ุฏุงุฏ#ุฏู']"
829,"['ุชูุฌู', 'ุถุฎุงูุช', 'ุถุฑุจู', 'ฺฏุฑ', 'ุงุทุฑุงู', 'ฺฏุฒูู', 'ููุงุณุจ', 'ุชุจูุช', 'ูุจุงุดุฏ', '.']"
830,"['ุฎูุจู', 'ุชุจูุช', 'ูุนูููู']"
831,"['ุญุชูุง', 'ุชูุตู', 'ูฺฉูู']"
832,"['ุดูุงู', 'ุจูุฏู', 'ุฎุจ', '#ูุณุช', 'ุงฺฏู', 'ุฒุฑุฏ', 'ูุดู']"
833,"['ุนุงูู', ',', 'ุงุตูุง', 'ุดฺฉ', 'ฺฉุฑุฏ#ฺฉู']"
834,"['ฺฏุฑููู', 'โฆ', 'โฆ', 'โฆ', 'โฆ', '.', '.']"
835,"['ููุงูู', 'ูููฺูู', 'ุฒุจุง']"
836,"['ฺฏุงุฑุฏ', 'ูุญฺฉู', 'ูุณุชุด', '.', 'ุฑุงุถู', '.']"
837,"['ุดฺฉ', 'ุฎูุด', 'ูุฑ']"
838,"['ุจุฎุงุทุฑ', 'ุถุฑุจู', 'ฺฏุฑ', 'ฺฏูุดู', 'ุฏุงุฑู', 'ุฎุฑุฏ#ุฎุฑ', 'ุฑุงุถู']"
839,"['ูุงุจ', 'ุชุจูุชู', 'ูุงูุนุง', 'ุงุฒ', 'ุฎู', 'ุงููุฏ', 'ุฌููู', 'ุฒุจุง', 'ุฏุงุฑู']"
840,['ุชูุตู']
841,"['ุฎูุจู', 'ูพุดููุงุฏ', 'ูฺฉูู']"
842,"['ฺฉุงูุฑ', 'ุงูุฏุงุฒู', 'ุถุฑุจู', 'ฺฏูุดู']"
843,"['ูุชููู', 'ุจฺฏู', 'ููุต', 'ูุฏุงุฑู', '!', 'ุจูุง', 'ููุงุณุจ', 'ุฏุงุฑู', 'ุฌูุณ', 'ฺฉูุช', '.', 'ุฏุฌ\u200cฺฉุงูุง\u200c', 'ุณูพุงุณ\u200cฺฏุฒุงุฑ', '.']"
844,"['ุฏูุฑ', 'ูุญุงูุธุช', 'ูุดู', 'ุดูุงู', 'ุฌูุณ', 'ูู', '#ูุณุช', 'ฺฉูุง', 'ูพุดููุงุฏ']"
845,"['ุ', 'ุฏูุชุง', 'ฺฏุฑูุช#ฺฏุฑ', 'ุ', 'ูพุงู', 'ู', 'ุญุงูุช', 'ูุง', 'ุฑูุชฺฏ']"
846,"['ูุงูุนุง', 'ุงูุฏุงุฒู', 'ฺฉูุช']"
847,"['ุณูุงู', 'ฺฉุงูุฑ', 'ุฎุฑุฏุงุฑ', 'ููุชู', 'ฑฐฐ', 'ุฎุฑุฏ#ุฎุฑ', 'ุงูุงู', 'ธด', '!', ':', '/', 'ุงูุง', 'ุงุฑุฒุด', 'ุฎุฑุฏ', 'ุฎู', 'ุงููุฏ', 'ุงุฒ', 'ููุงูู', 'ุถุฑุจู', 'ุงุณ']"
848,"['ฺฉุงูุฑ', 'ุงูุนุงุฏู\u200cุง', '#ูุณุช', 'ูุญุงูุธุช', 'ุฒุจุง', 'ุฎุงุต', 'ุฏุณุชฺฏุงู', 'ูุฏู', 'ูุฒู', 'ุ', 'ูฺฉุชู', 'ุงูู', 'ุฏุฑฺฏุงู', 'ุจุฑุด', 'ุฏุงุฏ#ุฏู']"
849,"['ุฌูุณ', 'ุฏุงุฑู', 'ุชุจูุช', 'ูพุณุฑ', 'ฺฏุฑูุช#ฺฏุฑ', 'ูุธุฑ', 'ูุฏููุง', 'ฺฉูุงุณูุฑ', 'ุจูุชุฑู', 'ุจุฑุงุด', 'ู', 'ฺฉู', 'ุฏูุด', 'ุชุจูุช', 'ฺฏุฑูุช#ฺฏุฑ', 'ุจุฎูุงุฏ', 'ุจุจุฑู']"
850,"['ูุงูุนุง', 'ุฎูุจู', 'ุฏูุณุด', 'ุฏุงุดุช#ุฏุงุฑ', 'ุชุจูุช', 'ุชู', 'ูุดูู', 'ฺูู', 'ูุจ', 'ุฑูฺฏู']"
851,[]
852,"['ุฒุจุง', 'ฺฉุงุฑุจุฑุฏ', 'ููุช', '#ูุณุช']"
853,"['ุฌูุณ', 'ูุฏุช', 'ุฒุฑุฏ', 'ุฑูฺฏ', 'ูุดู']"
854,"['ู', 'ูุงุจ', 'ฺูู', 'ูุนูููู', 'ูุญฺฉู', 'ููุช', 'ูุงูุนุง', 'ุจุงูุงุณ', '!']"
855,"['ุจุงุฒุงุฑ', 'ุฑุดุช', 'ฺฏุดุช#ฺฏุฑุฏ', 'ฺฉุฑุฏ#ฺฉู', '#ูุณุช', 'ุจุฎุตูุต', 'ูุจู', 'ูุงุด', 'ูุญฺฉู', 'ฺฉ', 'ูุญุงูุธ', 'ูุช', '.', 'ุญุชูุง', 'ุจุฎุฑู']"
856,"['ูุจู', 'ูุญฺฉู', 'ุณูุช', 'ุฏุงุฑู', '.', 'ุชุจูุช', 'ูฺฏุฑู', 'ุงูุฏุงุฒู', 'ูุงุด', 'ุฏููู', '.', 'ุถุฑุจู', 'ูุจู', 'ูฺฏุฑู', '.', 'ุฌูุณ', 'ุฌูุฑู', 'ุณุฑ', 'ุฎูุฑุฏู', 'ุชุจูุช', 'ุฏุณุช', 'ุจฺู', 'ูุฒ', 'ููุฒ', 'ุฌููฺฏุฑ', 'ูฺฉูู', '.', 'ููุช', 'ูู', 'ูุฑฺูุฏุฑ', 'ูพูู', 'ุจุฏ', 'ุขุด', 'ูุฎูุฑ', '.', 'ููุงุณู', 'ููุช', 'ุชุจูุช', 'ุฎุฑุฏ', 'ุงุฑุฒุดููุฏู']"
857,"['ุชูุฒ', 'ุฎูุดฺฏูู', '.', 'ุฑุงุถ', '#ูุณุช', 'ุฎุฑุฏ#ุฎุฑ']"
858,"['ูุฑู', 'ุ', 'ฺฉูุช']"
859,"['ฺฉูุชู', 'ุฏุงุฑู']"
860,['ููุช']
861,"['ุดฺฉ', 'ุนุงูู', 'ููุช', 'ุงุฑุฒุด', 'ุฎุฑุฏ', 'ุฏุงุฑู']"
862,"['ุฒุจุง', 'ุถุฑุจู', 'ฺฏุฑ']"
863,"['ุฎูุจู', 'ฺฏุฐุฑ', 'ุฒูุงู', 'ููฺฉูู', 'ฺฉุฏุฑ', 'ุจุดู', 'ูุนูุง', 'ุชุบุฑ', 'ูุฏุงุดุชู']"
864,"['ุญุชูุง', 'ูพุดููุงุฏ', 'ูฺฉูู', 'ุฎุฑุฏ#ุฎุฑ']"
865,"['ุนุงูู', 'ุญุชูุง', 'ุฎุฑุฏ#ุฎุฑ', 'ูุงุจ']"
866,"['ุฎูุจู', 'ฺฉูุฌ', 'ูุงุด', 'ูพูุดููุฏู', 'ุฏฺฉูู', 'ูพูุดุฏู']"
867,"['ููฺฉุฑุฏู', 'ุงููุฏุฑ', 'ุจุงุดู']"
868,"['ฺฉุงูุฑ', 'ุฎูุจู', 'ุงฺฏู', 'ุฑูฺฏ', 'ุฏุงุฏ#ุฏู', 'ุถุฑุจู', 'ฺฏุฑ', 'ุฏุงุฑู', 'ุจูู', 'ฺฉุงูุฑูุง', 'ุฎุฑุฏ#ุฎุฑ', 'ููุช', 'ฺฏุฑููู']"
869,[]
870,"['ูุณุชุญฺฉู', 'ุฎุตูุตุง', 'ุญูุธ', 'ฺฏูุดู']"
871,"['ููุช', 'ุจุงูุงุณุช', 'ุชุจูุชู', 'ุนุฌุจ', 'ูุณ']"
872,"['๐๐ป๐๐ปโบ๏ธ๐น', 'ููููู', 'ุฏุฌ', 'ฺฉุงูุง']"
873,"['ุชูุตู', 'ูฺฉูู', 'ูุงุจ', 'ุฒุจุง', '#ูุณุช', 'ููุงูู', 'ูุญฺฉู', 'ุฑูุฒ', 'ุฏุฑ', 'ุจุฏุณุชู', 'ุจุงุฎุช#ุจุงุฒ', 'ุฑุงุถู', 'ฺฉุงุฑุง']"
874,"['ฺฉุงูุฑ', 'ฺูุฏู', 'ููุชู', 'ุงุณุชูุงุฏู', 'ูฺฉูู', 'ุ', 'ู', 'ุนููุงู', 'ุดู', 'ุดุฏ#ุดู', 'ูุดุฎุตู', 'ุฌูุณ', 'ุฏุงุฑู']"
875,"['ุฑูฺฏ', 'ุดูุงู', 'ุฎูุจู', '๐๐ป']"
876,"['ุฒุจุง', 'ฺฉูุช', '.', 'ุฌูุณ', 'ุฏุงุฑู']"
877,"['ุดฺฉ', 'ุฒุจุง', 'ูฺฉุณ', 'ุชุจูุช']"
878,"['ุฑุงุญุชู', 'ฺฉุงุด', 'ุฑูฺฏ', 'ุฏุงุฏ#ุฏู', '.', 'ุชุจูุช', 'ูุญุงูุธุช', 'ูฺฉูู๐']"
879,"['ุดฺฉ', 'ุฒุจุง']"
880,"['ูพุดููุงุฏ', 'ูฺฉูู', 'ุฎุฑุฏ#ุฎุฑ', '.', 'ููููู', 'ุฏุฌ', 'ฺฉุงูุง๐๐']"
881,"['ฺฉุงูุฑ', 'ุฒุจุง', '#ูุณุช', 'ุชุจูุช', 'ุถุฑุจู', 'ฺฉุงูุฑ', 'ูฺฉูู', 'ูุดฺฉู', 'ุฏุงุฑู', 'ฺฉู', 'ุณูฺฏูู']"
882,"['ุฑุงุถ', '#ูุณุช', 'ููุช', '#ูุณุช']"
883,"['ฺฉูุช', 'ุณุงุฎุช', 'ุฎูุจู', 'ุ', 'ููุช', 'ุจุงูุงุณุช']"
884,"['ุชุจูุช', 'ุฎูุฑุฏ#ุฎูุฑ', 'ุงุดุชุจุงู', 'ฺฏุฑูุช#ฺฏุฑ', 'ูฺฏุฑูู']"
885,"['ูุดูฺฏู', 'ุฏูุงู', 'ุฒุจุง']"
886,"['ุฒุจุง', 'ููุงูู', 'ุ', 'ฺฏูุดู', 'ฺฏุงุฑุฏ', 'ุถุฑุจู', 'ฺฏุฑ', 'ุฏุงุฑู', 'ุตูุฑุช', 'ุชุจูุช', 'ูพูุดุด', 'ูุฏู', 'ุจููุฏ', 'ฺฏูุณ', 'ุชุจูุช', 'ููุดู', 'ุ', 'ุญุชูุง', 'ูพุดููุงุฏ', 'ูฺฉูู', 'โฆ']"
887,"['ุงููุง', 'ุชุจูุช', 'ุฏุณุชุดูู', 'ูุฎูุฑู', 'ุฒูู', 'ุฎูุจู', 'ูุงุจ', 'ุชุจูุช', 'ฺฉุฑุฏ#ฺฉู']"
888,"['ฺ', 'ุฎูุจ', 'ุจฺฏู', 'ฺฏูุช#ฺฏู', 'ุงุตู', 'ุชุจูุชู', 'ุงูู']"
889,"['ูพุดููุงุฏ', 'ูฺฉูู']"
890,"['ุจุฏู', 'ููุงููู', 'ุชูุตู', 'ูฺฉูู', 'ุฎุฑุฏ#ุฎุฑ']"
891,"['ุฎุฑุฏ#ุฎุฑ', 'ููุต', 'ูุฏุงุฑู', 'ุญุฑ', 'ููฺฉู', 'ุฎุฑุฏ#ุฎุฑ', 'ุฑุงุถ', '#ูุณุช', 'ููููู', 'ุฏุฌ', 'ฺฉุงูุง']"
892,"['ูฺฉุชู', 'ููู', 'ุชู', 'ุฏุฏ#ุจู', 'ูุทุงุจู', 'ุงูุชุธุงุฑ']"
893,"['ูุงูุนุง', 'ููุช', 'ุนุงูู', 'ุงูู', 'ูฺฉ', 'ฺฏุฑููู', 'ู\u200cุงุฑุฒู', '.']"
894,"['ุจุฑุด', 'ุ', 'ุดูุงู', 'ุ', 'ฺูู', 'ูุช', 'ุชุจูุช', 'ุ', 'ุงุตูุง', 'ุชุจูุช', 'ุจุฏ', 'ุฏุณุช', 'ููฺฉูู']"
895,"['ุฎูุจุน', 'ูุงูุนุง', 'ูุงุจ', 'ฺฏุฑูุช#ฺฏุฑ', 'ฺฏูุณ', 'ูุดุงุฑ', 'ุขูุฑุฏ#ุขูุฑ', 'ุจุงุฏ', 'ูุฑูุช', 'ุงุตูุง', 'ุงูุทูุฑ', 'ูุณ', 'ูุงูุนุง', 'ูุณ']"
896,"['ุณุงุฒ', 'ุงูุฏุงุฒู', 'ุฎูุด', 'ุฏุณุช', 'ููุช']"
897,"['ุณูุงู', 'ุฏูุณุชุงู', 'ุจฺฏุฏ', 'ููุดุช#ููุณ', 'ูุญุงูุธ', 'ุตูุญู', 'ุ', 'ฺฉุงูุฑ', 'ุ', 'ุฎูู\u200cุชุฑู', 'ฺฉุงูุฑุง', 'ุฏุฏ#ุจู', 'ุ', 'ุชุจูุช', 'ุจุฑุนฺฉุณ', 'ุณุทุญ', 'ูุฐุงุฑุฏ', 'ุ', 'ูุงูุน', 'ุตูุญู', 'ุด', 'ุฒูู', 'ูุฑุงุฑ', 'ุจฺฏุฑู', 'ุ', 'ฺฉุงูุฑ', 'ุ', 'ฺฏุฑูุชู', 'ุญุงูุช', 'ุ', 'ฺุณุจุฏู', 'ุตูุญู', 'ููุงุด', 'ูุฒ', 'ุณุทูุญ', 'ุตุงู', 'ุฌููฺฏุฑ', 'ูฺฉูู', 'ฺูุฏุฑ', 'ุจุงุจุช', 'ุฎูุดุญุงู', 'ุธุฑุงูุช', 'ุดฺฉ', 'ุจูุฏู', 'ุ', 'ฺฉุงุฑุจุฑุฏ', 'ุญุฑูู\u200cุง', 'ุทุฑุงุญ', '.']"
898,['ุนุงู']
899,"['ููููู', 'ุฏุฌ', 'ฺฉุงูุง', 'ฺฉูุง', 'ูุธุฑ', 'ุงูุนุงุฏู']"
900,"['ุฏุฑุณุชู', 'ููุช', 'ุตุฏ', 'ูุฒุงุฑ', 'ุชููุงู', 'ุงุฑุฒุด', 'ุฎุฑุฏ', 'ูุฏุงุฑู', 'ุฌูุณ', 'ูุฑู', 'ูุจู', 'ุถุฎู', 'ุฑูฺฏ', 'ุดูุงู', 'ุฏุงุฑู']"
901,"['ูุงุจ', 'ุฎูุจู', 'ุฒูุฏ', 'ุฒูุฏ', 'ุชูุฒ', 'ุจุดู', 'ุฒุฑุฏ', 'ูุดู', 'ูุญุงูุธ', 'ุฏุงุฑู', 'ุงุฑุฒุด', 'ุฎุฑุฏ', 'ุฏุงุฑู']"
902,"['ฺฉุงุดุช#ฺฉุงุฑ', 'ูุฎูุงู', 'ุงูุฌุงู', 'ูุฏู', '.']"
903,"['ุญุชูุง', 'ุฎุฑุฏ#ุฎุฑ']"
904,"['ุฌูุณ', 'ุฎูุจู']"
905,"['ฺฉูุช', 'ููุงุณุจ', 'ุฏุงุฑู', 'ูููุฑ\u200cูุง', 'ูุดุงุจู', 'ููุช', 'ููุงุณุจ\u200cุชุฑ', 'ุฏุงุฑู']"
906,"['ูุทูุง', 'ููุฌูุฏ', 'ูุฎูุงู', 'ุฎุฑุฏ']"
907,[]
908,"['ูู', 'ุดุงุช', 'ฺฏุฑูุช#ฺฏุฑ', 'ุนุงูู']"
909,"['ุงุฒ', 'ุฑุงุถู']"
910,"['ฺฉุงูุง', 'ุฏุดุจ', 'ุฏุณุชู', 'ูุงูุนุง', 'ุฏุฑุฌู', 'ฑ.', 'ุฌูุงุจ', 'ูุฏู', '.']"
911,[]
912,['ุนุงููููููู']
913,"['ุชู', 'mpณ', 'ุงู', 'ุงุณุชูุงุฏู', 'ูฺฉูู', 'ุชู', 'ุขููฺฏ', 'ุฑุฎุช#ุฑุฒ', 'ูุดฺฉู', 'ูุฏุงุฑู', 'ูุดู', 'ุงุฒ', 'ููุด', 'ุงุณุชูุงุฏู', 'ุงู', 'ุนุงูู']"
914,['ุฌูุช']
915,"['ุนุงูู', 'ุฑุงุถ', '#ูุณุช']"
916,"['ูุนูุง', 'ุชุงุฒู', 'ุฎุฑุฏ#ุฎุฑ', 'ูุงุฏ']"
917,"['ุ', 'ูู', 'ุฏูุฑุจู', 'ูููุจุฑุฏุงุฑู', 'ฺฏุฑูุช#ฺฏุฑ', 'ุงฺฏู', 'ุณุฑุนุช', 'ฺฉุงุฑุช', 'ุญุงูุธู', 'ูพุงู', 'ุจุงุดู', 'ุฏูุฑุจู', 'ุจูุช', 'ุงุทูุงุน', 'ูุฏู', 'ูุฎุตูุตุง', 'ุฏูุฑุจู', 'ดk', 'ูุฑ', 'ถฐ', 'ฺฏุฑูุช#ฺฏุฑ', 'ุ', 'ุงุตูุง', 'ูฺฏ', 'ูุฒุฏ', 'ุฏูุฑุจู', 'ุงุทูุงุน', 'ุฒููู', 'ุณุฑุนุช', 'ฺฉุงุฑุช', 'ุญุงูุธู', 'ุฏุงุฏ#ุฏู', 'ฺฉุงุฑุช', 'ุญุงูุธู', 'ุณุฑุนุช', 'ฺฉุงุฑ', 'ูฺฉูู', 'ุ', 'ุงุฑุฒุดููุฏู']"
918,[]
919,"['ุณุฑุนุช', 'ุฏุงุฑู', 'ููฺฏ', 'ฺฉุงุฑ', 'ูุฏู']"
920,[]
921,"['ูุนููู', 'โฆ', 'โฆ', 'โฆ', '.', '.']"
922,"['ุณุฑุนุช', 'ููุช', 'ุฑู', 'ุจุณุชู', 'ุงุณุชุงูุฏุงุฑุฏ', '.']"
923,"['ูพุฑุณุฑุนุช', 'ุฎูุจู', 'ฺฉุงุดุช#ฺฉุงุฑ', 'ุงูุชุงุฏ#ุงูุช']"
924,"['ุ', 'ูู', 'ุฏูุฑุจู', 'ูููุจุฑุฏุงุฑู', 'ฺฏุฑูุช#ฺฏุฑ', 'ุงฺฏู', 'ุณุฑุนุช', 'ฺฉุงุฑุช', 'ุญุงูุธู', 'ูพุงู', 'ุจุงุดู', 'ุฏูุฑุจู', 'ุจูุช', 'ุงุทูุงุน', 'ูุฏู', 'ูุฎุตูุตุง', 'ุฏูุฑุจู', 'ดk', 'ูุฑ', 'ถฐ', 'ฺฏุฑูุช#ฺฏุฑ', 'ุ', 'ุงุตูุง', 'ูฺฏ', 'ูุฒุฏ', 'ุฏูุฑุจู', 'ุงุทูุงุน', 'ุฒููู', 'ุณุฑุนุช', 'ฺฉุงุฑุช', 'ุญุงูุธู', 'ุฏุงุฏ#ุฏู', 'ฺฉุงุฑุช', 'ุญุงูุธู', 'ุณุฑุนุช', 'ฺฉุงุฑ', 'ูฺฉูู', 'ุ', 'ุงุฑุฒุดููุฏู']"
925,"['ุนุงูู', 'ุฑุงุถ', '#ูุณุช']"
926,"['ุณุฑุนุช', 'ุฏุงุฑู', 'ููฺฏ', 'ฺฉุงุฑ', 'ูุฏู']"
927,"['ุนุงูู', 'ุฑุงุถ', '#ูุณุช']"
928,"['ููุช', 'ุงูฺฉุงูุงุช', 'ุจุฑุฏ#ุจุฑ', 'ูุฏู', 'ฺฏุฑุชูู', 'ููุงุฏ', 'ุนุงูู', 'ุฎุฑุฏ#ุฎุฑ', 'ุถุฑุฑ', 'ููฺฉูุฏ']"
929,"['ุฏูุฑุจู', 'ูุฏุงุฑุจุณุชู', 'ฺฏุฑูุช#ฺฏุฑ', 'ุ', 'ุณุฑุนุช', 'ุฎูุจู', 'ุ', 'ฺฉูุช', 'ุ', 'ุจุฏุฑุฏ', 'ุซุงุจุช', 'ูุฎูุฑู', 'ุ', 'ุงฺฏู', 'ุฏูุฑุจู', 'ูุฎุฑุฏ', 'ุ', 'ูุฑุจุงุฑ', 'ุจุงุฑุฏ', 'ุฎุงู', 'ุ', 'ุชุฑุณ', 'ุฏุงุฑู', 'ุจุดฺฉูู']"
930,"['ุชูุฌู', 'ููููู', 'ุจุงุฒุงุฑ', 'ุ', 'ููุช', 'ุณุฑุนุช', 'ููุงุณุจู']"
931,['#ูุณุช']
932,['ุนุงูุน']
933,"['ุชู', 'mpณ', 'ุงู', 'ุงุณุชูุงุฏู', 'ูฺฉูู', 'ุชู', 'ุขููฺฏ', 'ุฑุฎุช#ุฑุฒ', 'ูุดฺฉู', 'ูุฏุงุฑู', 'ูุดู', 'ุงุฒ', 'ููุด', 'ุงุณุชูุงุฏู', 'ุงู', 'ุนุงูู']"
934,"['ููุช', 'ฺฉุงุฑุง']"
935,['ุนุงูุน']
936,"['ุชุงุฒู', 'ฺฏูุด', 'ูุดฺฉู', 'ูุฏุงุฑู']"
937,"['ุฏูุฑุจู', 'ูุฏุงุฑุจุณุชู', 'ฺฏุฑูุช#ฺฏุฑ', 'ุ', 'ุณุฑุนุช', 'ุฎูุจู', 'ุ', 'ฺฉูุช', 'ุ', 'ุจุฏุฑุฏ', 'ุซุงุจุช', 'ูุฎูุฑู', 'ุ', 'ุงฺฏู', 'ุฏูุฑุจู', 'ูุฎุฑุฏ', 'ุ', 'ูุฑุจุงุฑ', 'ุจุงุฑุฏ', 'ุฎุงู', 'ุ', 'ุชุฑุณ', 'ุฏุงุฑู', 'ุจุดฺฉูู']"
938,"['ูุฑ', 'ุฑุงุถู']"
939,"['ุณุฑุนุช', 'ุจุงูุงุณ']"
940,"['ุฑู', 'ฺ', 'ุงฺฏู', 'ุฏูุจุงูู', 'ุฑู', 'ุฎูุจุฏ', 'ุฑู', 'ูพุดููุงุฏ', 'ูฺฉูู']"
941,"['ุชุงุฒู', 'ฺฏูุด', 'ูุดฺฉู', 'ูุฏุงุฑู']"
942,"['ูพุฑุณุฑุนุช', 'ุฎูุจู', 'ฺฉุงุดุช#ฺฉุงุฑ', 'ุงูุชุงุฏ#ุงูุช']"
943,['ุฌูุช']
944,"['ุณูุงู', 'ุชุงุฒู', 'ูุญุตูู', 'ุฎุฑุฏ#ุฎุฑ', 'ุฎุฑุฏ', 'ูุญุตูู', 'ุจูู', 'ูพุดููุงุฏ']"
945,"['ุณุฑุนุช', 'ุจุฏู', 'ูุดฺฉู']"
946,"['ุณุฑุนุช', 'ุจุงูุงุณ']"
947,"['ุฑู', 'ูุดฺฉู']"
948,"['ุณูุงู', 'ุชุดฺฉุฑ']"
949,"['ุชู', 'mpณ', 'ุงู', 'ุงุณุชูุงุฏู', 'ูฺฉูู', 'ุชู', 'ุขููฺฏ', 'ุฑุฎุช#ุฑุฒ', 'ูุดฺฉู', 'ูุฏุงุฑู', 'ูุดู', 'ุงุฒ', 'ููุด', 'ุงุณุชูุงุฏู', 'ุงู', 'ุนุงูู']"
950,['ุนุงูุน']
951,"['ุฏูุชุง', 'ฺฏุฑูุช#ฺฏุฑ', 'ฺฉ', 'ตน', 'ฺฏฺฏ', 'ฺฉ', 'ถณ', 'ฺฏฺฏ', 'ุงูู', 'ุชฺฉู', 'ููุดู', 'ุฏูุฎูุด', 'ุฑูู', 'ูุฒุงุฑ', 'ูุงุณู', 'ฺฉุงุฑ', 'ฺฉุฑุฏ#ฺฉู', 'ุงูู', 'ุฎุดุงุจ', 'ุฏฺฏู']"
952,['ุฌูุช']
953,"['ููุช', 'ฺฉุงุฑุง']"
954,['ุฎูุจู']
955,"['ุ', 'ูู', 'ุฏูุฑุจู', 'ูููุจุฑุฏุงุฑู', 'ฺฏุฑูุช#ฺฏุฑ', 'ุงฺฏู', 'ุณุฑุนุช', 'ฺฉุงุฑุช', 'ุญุงูุธู', 'ูพุงู', 'ุจุงุดู', 'ุฏูุฑุจู', 'ุจูุช', 'ุงุทูุงุน', 'ูุฏู', 'ูุฎุตูุตุง', 'ุฏูุฑุจู', 'ดk', 'ูุฑ', 'ถฐ', 'ฺฏุฑูุช#ฺฏุฑ', 'ุ', 'ุงุตูุง', 'ูฺฏ', 'ูุฒุฏ', 'ุฏูุฑุจู', 'ุงุทูุงุน', 'ุฒููู', 'ุณุฑุนุช', 'ฺฉุงุฑุช', 'ุญุงูุธู', 'ุฏุงุฏ#ุฏู', 'ฺฉุงุฑุช', 'ุญุงูุธู', 'ุณุฑุนุช', 'ฺฉุงุฑ', 'ูฺฉูู', 'ุ', 'ุงุฑุฒุดููุฏู']"
956,"['ุณุฑุนุช', 'ฺฉูุช', 'ุงููุช', 'ูฺฏูุฏุงุฑ', 'ูุญุชูุง', 'ูพุงูุงุณููฺฉ', 'ุชูุดุจุง']"
957,"['ุฎูุจู', 'ุจุฏ']"
958,"['ูุงุฑฺฉ', 'ูุดููุฑ', 'ุชุณุช', 'ุณุงูู', '.']"
959,"['ุฑุงุถ', 'ุจูุฏ#ุจุงุด']"
960,"['ูุฏุฑุช', 'ุงูุชูุงู', 'ุจุงูุง', 'ุฏุงุฑู']"
961,[]
962,"['ุฎูุจู', 'โฆ', '.', '.']"
963,"['ุงูู', 'ููุช', 'ููููู', 'ุงุฑ', 'ุฏุฌ', 'ฺฉุงูุง']"
964,"['ุณูุงู', 'ุชุดฺฉุฑ']"
965,"['ุณุฑุนุช', 'ุฏุงุฑู', 'ููฺฏ', 'ฺฉุงุฑ', 'ูุฏู']"
966,"['ุชูุฌู', 'ุฏูุณุชุงู', 'ฺฏุฑูุช#ฺฏุฑ', 'ููุช', 'ูุงูุนุง', 'ุฎูุจู', 'ุงูุฏูุงุฑ', 'ฺฉุงุฑุง', 'ูููุทูุฑ', 'ุจุงุดู']"
967,"['ุณุฑุนุช', 'ุฎูุจู', 'ุญุฌู', 'ุจุงูุง', 'ุฏุงุฑู', 'ุชุฎูู', 'ุนุงูู', 'ูพูู', 'ูุงุณุด', 'ุฏุฏ#ุจู', 'ุฑุงุถ', 'ุจูุฏ#ุจุงุด']"
968,"['.', 'ูููุชุด', 'ูุบุงุฒู', 'ูุงุฑุฒู', 'ูฺฉูุช', '#ูุณุช']"
969,"['ููุช', 'ฺฉุงุฑฺฉุฑุฏ', 'ุฏุงุฑู']"
970,"['ุจุงุชูุฌู', 'ููุช', 'ูุณุจุชุง', 'ูุจูู']"
971,"['ุฏุฑฺฉู', 'ุฎูุจู']"
972,[]
973,"['ููุช', 'ุฎูุจู', 'ุจุณุชู']"
974,[]
975,['ูพุดููุงุฏ']
976,"['ุจุฏ', '.', 'ุงุญุชุงุท', 'ุงุณุชูุงุฏู', '.', 'ุงุญุชูุงู', 'ุดฺฉุณุชู', 'ุฎุฑุงุจ', 'ุฏุงุฑู', '.']"
977,"['ฺฏุงุฑุงูุช', 'ูุงุฏุงู', 'ุงูุนูุฑ', 'ุฏุงุฑู', 'ุณุฑุนุช', 'ุจุงูุงุณุช']"
978,"['ุฎูุจู', 'ูพุดููุงุฏ', 'ูฺฉูู']"
979,"['ุฌูุณ', 'ุณุฑุนุช']"
980,"['ูููุฑ', 'ุงูุงู', 'ท', 'ฺฏุฑูุช#ฺฏุฑ', 'ุฒูุงู', 'ดต', 'ุชููู', 'ุ', 'ูุงูุนุง', 'ุดุงูฺฉุงุฑู', 'ุณุฑุนุช', 'ุธุฑูุช', 'ูุงูุนุง', 'ุฌุฒู', 'ูุนุฏูุฏ', 'ุชุฑุงุดู', '#ูุณุช', 'ถฒ', 'ูซต', 'ฺฏฺฏ', 'ูุงูุน', 'ุธุฑูุช', 'ุฏุงุฑู', 'ุณุฑุนุช', 'ุงูุชูุงู', 'ุฏุงุฏู', 'ุงูุนุงุฏุณ', 'ุฑู', 'ุฑุฏุฑ', 'ุฏุงุฑู', 'ู', 'ุขูพุดู', 'ุญุณุงุจ', 'ูุดู', 'ุขุฎุฑ', 'ุงูู', 'ุฌุฑ', 'ูฺฏ', 'ุฎุฑุฏ', 'ุดฺฉ', 'ฺฉุฑุฏ#ฺฉู']"
981,"['ูุนูุง', 'ฺฉ', 'ุฎูุจู']"
982,[]
983,"['ูุตุจ', 'ููุช', 'ุฎูุจู', 'ุงูููุฏุฑุง', 'ูุณุช']"
984,[]
985,"['ุณูุงู', 'ฺฉุงุฑุช', 'ุญุงูุธู', 'ุณุฑุนุช', 'ุณุฑ', 'ููุช', 'ุจุณุชู', 'ููู', 'ุขูุฑุฏ#ุขูุฑ', 'ุจูุธุฑู', 'ุฎุฑุฏ#ุฎุฑ', 'ุงูู', 'ตธ', 'ฺฏฺฏ', 'ุงูฺฉ', 'ถด', 'ฺฏฺฏ', '#ูุณุช']"
986,"['ุงุดุงููู', 'ฺฉุงุฑูู', 'ุจูุฏุงุฒู', 'ุ', 'ุฏุงูุด', 'ุขููุฎุช#ุขููุฒ', 'ููู', 'ุฏุฑุณ', 'ุญุฌู', 'ุฏุงุดุช#ุฏุงุฑ', 'ุ', 'ฺฏูุด', 'ุญุงูุธู', 'ุ', 'ูุฌุจูุฑ', 'ุดุฏ#ุดู', 'ุฎุฑุฏ#ุฎุฑ', '(', 'ููุช', 'ฑทน', 'ุชููู', ')', 'ุ', 'ุงุณุชูุงุฏู', 'ูฺฉูู', 'ุงุฑุด', 'ุงฺฏ', 'ูุดฺฉู', 'ูููุฌุง', 'ูููุณู', '.', '.']"
987,[]
988,"['ููุช', 'ฺฉุงุฑุง']"
989,"['ุณูุงู', 'ฺฉุงุฑุช', 'ุญุงูุธู', 'ุฑุงุถ', 'ุงู', 'ฺฉุงุฑุช', 'ุญุงูุธู', 'ธฺฏฺฏ', 'ุฏุฏ#ุจู', 'ฒฐฐ', 'ูุฒุงุฑ', 'ุชููู', 'ุญุงูุธู', 'ุงูฺฉุงูุงุช', 'ุฏุงุฑู', 'ููุช', 'ููุงุณุจู', 'ุงูุฑูุฒ', 'ุฏุณุชู', 'ููููู', 'ุฏุฌ', 'ฺฉุงูุง']"
990,"['ุณุฑุนุช', 'ููุช', 'ุฑู', 'ุจุณุชู', 'ุงุณุชุงูุฏุงุฑุฏ', '.']"
991,[]
992,"['ูุณุชุด', 'ุชุฎูู', 'ุฎุฑุฏ#ุฎุฑ', 'ฑธน', 'ุชููู', 'ุงูุงู', 'ฑทน', 'ุชููู', '!!!!!!!']"
993,"['ฺฉุงุฑุช', 'ุญุงูุธู', 'ููุช', 'ุณุฑุนุช', 'ูุถุง', 'ุงุฑุงู']"
994,"['ุณูุงู', 'ุชุดฺฉุฑ']"
995,"['ุฎู', 'ุนุงูู', '.', '.', 'ููุด', 'ุฏุงุฑู', 'ู', 'ุฑู', 'ุฑุฏุฑ', 'ุงุณ', 'ุฏ', 'ุฑุฏุฑ', 'โฆ', 'ููพ', 'ุชุงูพ', 'ุช', 'ููฺฏุชูู', 'ููุฐุงุฑู', '.', '.']"
996,"['ููุช', 'ุงูุชุฎุงุจ', 'ุตุฑูู', 'ูุณุชุด']"
997,"['ุฑุงุถ', '#ูุณุช', 'ุชุฎูู', 'ฺฏุฑูุช#ฺฏุฑ']"
998,"['ุณุฑุนุช', 'ฺฉูุช', 'ููุช', 'ุฎูุจู', 'ุงฺฉุซุฑ', 'ุฑู', 'ุจุงุฒุงุฑ', 'ฺฉูุช', 'ุฏุงุฑู']"
999,"['ุฎูุจู', '.', 'ุฎุฑุฏ#ุฎุฑ']"
